playerID,award,year,lgID,note,pos
abelsi01,First Team All-Star,1948,NHL,,C
abelsi01,First Team All-Star,1949,NHL,,C
abelsi01,Hart,1948,NHL,,
abelsi01,Second Team All-Star,1941,NHL,,LW
abelsi01,Second Team All-Star,1950,NHL,tie,C
alfreda01,All-Rookie,1995,NHL,,F
alfreda01,Calder,1995,NHL,,
alfreda01,King Clancy,2011,NHL,,
alfreda01,Second Team All-Star,2005,NHL,,RW
amontto01,All-Rookie,1991,NHL,,RW
anderto01,First Team All-Star,1941,NHL,,D
anderto01,Hart,1941,NHL,,
antonmi01,Second Team All-Star,1976,WHA,,LW
appssy01,Calder,1936,NHL,,
appssy01,First Team All-Star,1938,NHL,,C
appssy01,First Team All-Star,1941,NHL,,C
appssy01,Lady Byng,1941,NHL,,
appssy01,Second Team All-Star,1937,NHL,,C
appssy01,Second Team All-Star,1940,NHL,,C
appssy01,Second Team All-Star,1942,NHL,,C
arnasty01,All-Rookie,2002,NHL,,F
arnotja01,All-Rookie,1993,NHL,,C
ashbeba01,Second Team All-Star,1973,NHL,,D
auriela01,First Team All-Star,1936,NHL,,RW
backsni01,Crozier,2006,NHL,,
backsni01,Jennings,2006,NHL,shared,
backsni02,All-Rookie,2007,NHL,,F
backsra01,Calder,1958,NHL,,
backsra01,Deneau,1973,WHA,Most Gentlemanly,
baileac01,Art Ross,1928,NHL,,
barbebi01,First Team All-Star,1975,NHL,,LW
barbebi01,Second Team All-Star,1978,NHL,,LW
barbebi01,Second Team All-Star,1980,NHL,,LW
barrato01,All-Rookie,1983,NHL,,G
barrato01,Calder,1983,NHL,,
barrato01,First Team All-Star,1983,NHL,,G
barrato01,Jennings,1984,NHL,shared,
barrato01,Second Team All-Star,1984,NHL,,G
barrato01,Second Team All-Star,1992,NHL,,G
barrato01,Vezina,1983,NHL,,
barryma01,First Team All-Star,1936,NHL,,C
barryma01,Lady Byng,1936,NHL,,
bathgan01,First Team All-Star,1958,NHL,,RW
bathgan01,First Team All-Star,1961,NHL,,RW
bathgan01,Hart,1958,NHL,,
bathgan01,Second Team All-Star,1957,NHL,,RW
bathgan01,Second Team All-Star,1962,NHL,,RW
bauerbo01,Lady Byng,1939,NHL,,
bauerbo01,Lady Byng,1940,NHL,,
bauerbo01,Lady Byng,1946,NHL,,
bauerbo01,Second Team All-Star,1938,NHL,,RW
bauerbo01,Second Team All-Star,1939,NHL,,RW
bauerbo01,Second Team All-Star,1940,NHL,,RW
bauerbo01,Second Team All-Star,1946,NHL,,RW
belfoed01,All-Rookie,1990,NHL,,G
belfoed01,Calder,1990,NHL,,
belfoed01,Crozier,1999,NHL,,
belfoed01,First Team All-Star,1990,NHL,,G
belfoed01,First Team All-Star,1992,NHL,,G
belfoed01,Jennings,1990,NHL,,
belfoed01,Jennings,1992,NHL,,
belfoed01,Jennings,1994,NHL,,
belfoed01,Jennings,1998,NHL,shared,
belfoed01,Second Team All-Star,1994,NHL,,G
belfoed01,Vezina,1990,NHL,,
belfoed01,Vezina,1992,NHL,,
belivje01,Art Ross,1955,NHL,,
belivje01,Conn Smythe,1964,NHL,,
belivje01,First Team All-Star,1954,NHL,,C
belivje01,First Team All-Star,1955,NHL,,C
belivje01,First Team All-Star,1956,NHL,,C
belivje01,First Team All-Star,1958,NHL,,C
belivje01,First Team All-Star,1959,NHL,,C
belivje01,First Team All-Star,1960,NHL,,C
belivje01,Hart,1955,NHL,,
belivje01,Hart,1963,NHL,,
belivje01,Second Team All-Star,1957,NHL,,C
belivje01,Second Team All-Star,1963,NHL,,C
belivje01,Second Team All-Star,1965,NHL,,C
belivje01,Second Team All-Star,1968,NHL,,C
bellbr01,All-Rookie,1984,NHL,,D
bellobr01,Second Team All-Star,1989,NHL,,LW
bennibr01,All-Rookie,1986,NHL,,D
bentldo01,Art Ross,1942,NHL,,
bentldo01,First Team All-Star,1942,NHL,,LW
bentldo01,First Team All-Star,1943,NHL,,LW
bentldo01,First Team All-Star,1946,NHL,,LW
bentldo01,Second Team All-Star,1948,NHL,,C
bentlma01,Art Ross,1945,NHL,,
bentlma01,Art Ross,1946,NHL,,
bentlma01,First Team All-Star,1945,NHL,,C
bentlma01,Hart,1945,NHL,,
bentlma01,Lady Byng,1942,NHL,,
bentlma01,Second Team All-Star,1946,NHL,,C
berarbr01,All-Rookie,1996,NHL,,D
berarbr01,Calder,1996,NHL,,
berarbr01,Masterton,2003,NHL,,
berezse01,All-Rookie,1996,NHL,,F
bergepa01,Plus-Minus,2011,NHL,,
bergepa01,Selke,2011,NHL,,
bergfni01,All-Rookie,2009,NHL,,F
berglpa01,All-Rookie,2008,NHL,,F
bernise01,Playoff MVP,1976,WHA,,
bernise01,Second Team All-Star,1974,WHA,,C
bertuto01,First Team All-Star,2002,NHL,,RW
bibeapa01,Second Team All-Star,1943,NHL,,G
blackda01,All-Rookie,2001,NHL,,G
blakeja01,Masterton,2007,NHL,,
blakero01,All-Rookie,1990,NHL,,D
blakero01,First Team All-Star,1997,NHL,,D
blakero01,Norris,1997,NHL,,
blakero01,Second Team All-Star,1999,NHL,,D
blakero01,Second Team All-Star,2000,NHL,,D
blakero01,Second Team All-Star,2001,NHL,,D
blaketo01,Art Ross,1938,NHL,,
blaketo01,First Team All-Star,1938,NHL,,LW
blaketo01,First Team All-Star,1939,NHL,,LW
blaketo01,First Team All-Star,1944,NHL,,LW
blaketo01,Hart,1938,NHL,,
blaketo01,Lady Byng,1945,NHL,,
blaketo01,Second Team All-Star,1937,NHL,,LW
blaketo01,Second Team All-Star,1945,NHL,,LW
blincru01,Calder,1933,NHL,,
bodnagu01,Calder,1943,NHL,,
bossymi01,Calder,1977,NHL,,
bossymi01,Conn Smythe,1981,NHL,,
bossymi01,First Team All-Star,1980,NHL,,RW
bossymi01,First Team All-Star,1981,NHL,,RW
bossymi01,First Team All-Star,1982,NHL,,RW
bossymi01,First Team All-Star,1983,NHL,,RW
bossymi01,First Team All-Star,1985,NHL,,RW
bossymi01,Lady Byng,1982,NHL,,
bossymi01,Lady Byng,1983,NHL,,
bossymi01,Lady Byng,1985,NHL,,
bossymi01,Second Team All-Star,1977,NHL,,RW
bossymi01,Second Team All-Star,1978,NHL,,RW
bossymi01,Second Team All-Star,1984,NHL,,RW
bouchbr01,All-Rookie,1999,NHL,,G
bouchbu01,First Team All-Star,1944,NHL,,D
bouchbu01,First Team All-Star,1945,NHL,,D
bouchbu01,First Team All-Star,1946,NHL,,D
bouchbu01,Second Team All-Star,1943,NHL,,D
bouchfr01,First Team All-Star,1932,NHL,,C
bouchfr01,First Team All-Star,1933,NHL,,C
bouchfr01,First Team All-Star,1934,NHL,,C
bouchfr01,Lady Byng,1927,NHL,,
bouchfr01,Lady Byng,1928,NHL,,
bouchfr01,Lady Byng,1929,NHL,,
bouchfr01,Lady Byng,1930,NHL,,
bouchfr01,Lady Byng,1932,NHL,,
bouchfr01,Lady Byng,1933,NHL,,
bouchfr01,Lady Byng,1934,NHL,,
bouchfr01,Second Team All-Star,1930,NHL,,C
bournbo01,Masterton,1987,NHL,,
bourqra01,Calder,1979,NHL,,
bourqra01,First Team All-Star,1979,NHL,,D
bourqra01,First Team All-Star,1981,NHL,,D
bourqra01,First Team All-Star,1983,NHL,,D
bourqra01,First Team All-Star,1984,NHL,,D
bourqra01,First Team All-Star,1986,NHL,,D
bourqra01,First Team All-Star,1987,NHL,,D
bourqra01,First Team All-Star,1989,NHL,,D
bourqra01,First Team All-Star,1990,NHL,,D
bourqra01,First Team All-Star,1991,NHL,,D
bourqra01,First Team All-Star,1992,NHL,,D
bourqra01,First Team All-Star,1993,NHL,,D
bourqra01,First Team All-Star,1995,NHL,,D
bourqra01,First Team All-Star,2000,NHL,,D
bourqra01,King Clancy,1991,NHL,,
bourqra01,Norris,1986,NHL,,
bourqra01,Norris,1987,NHL,,
bourqra01,Norris,1989,NHL,,
bourqra01,Norris,1990,NHL,,
bourqra01,Norris,1993,NHL,,
bourqra01,Second Team All-Star,1980,NHL,,D
bourqra01,Second Team All-Star,1982,NHL,,D
bourqra01,Second Team All-Star,1985,NHL,,D
bourqra01,Second Team All-Star,1988,NHL,,D
bourqra01,Second Team All-Star,1994,NHL,,D
bourqra01,Second Team All-Star,1998,NHL,,D
bouwmja01,All-Rookie,2002,NHL,,D
bowerjo01,First Team All-Star,1960,NHL,,G
bowerjo01,Vezina,1960,NHL,,
bowerjo01,Vezina,1964,NHL,shared,
boyesbr01,All-Rookie,2005,NHL,,F
boyleda01,Second Team All-Star,2006,NHL,,D
boyleda01,Second Team All-Star,2008,NHL,,D
boyntni01,All-Rookie,2001,NHL,,D
breweca01,First Team All-Star,1962,NHL,,D
breweca01,Second Team All-Star,1961,NHL,,D
breweca01,Second Team All-Star,1964,NHL,,D
breweca01,Second Team All-Star,1969,NHL,,D
brimsfr01,Calder,1938,NHL,,
brimsfr01,First Team All-Star,1938,NHL,,G
brimsfr01,First Team All-Star,1941,NHL,,G
brimsfr01,Second Team All-Star,1939,NHL,,G
brimsfr01,Second Team All-Star,1940,NHL,,G
brimsfr01,Second Team All-Star,1942,NHL,,G
brimsfr01,Second Team All-Star,1945,NHL,,G
brimsfr01,Second Team All-Star,1946,NHL,,G
brimsfr01,Second Team All-Star,1947,NHL,,G
brimsfr01,Vezina,1938,NHL,,
brimsfr01,Vezina,1941,NHL,,
brindro01,All-Rookie,1989,NHL,,LW
brindro01,Selke,2005,NHL,,
brindro01,Selke,2006,NHL,,
broadpu01,Art Ross,1921,NHL,,
brodatu01,First Team All-Star,1940,NHL,,G
brodatu01,First Team All-Star,1947,NHL,,G
brodatu01,Second Team All-Star,1941,NHL,,G
brodatu01,Vezina,1940,NHL,,
brodatu01,Vezina,1947,NHL,,
brodema01,All-Rookie,1993,NHL,,G
brodema01,Calder,1993,NHL,,
brodema01,First Team All-Star,2002,NHL,,G
brodema01,First Team All-Star,2003,NHL,,G
brodema01,First Team All-Star,2006,NHL,,G
brodema01,Jennings,1996,NHL,shared,
brodema01,Jennings,1997,NHL,,
brodema01,Jennings,2002,NHL,shared,
brodema01,Jennings,2003,NHL,,
brodema01,Jennings,2009,NHL,,
brodema01,Second Team All-Star,1996,NHL,,G
brodema01,Second Team All-Star,1997,NHL,,G
brodema01,Second Team All-Star,2005,NHL,,G
brodema01,Second Team All-Star,2007,NHL,,G
brodema01,Vezina,2002,NHL,,
brodema01,Vezina,2003,NHL,,
brodema01,Vezina,2006,NHL,,
brodema01,Vezina,2007,NHL,,
broderi01,Second Team All-Star,1978,WHA,,G
bryzgil01,Second Team All-Star,2009,NHL,,G
bucykjo01,First Team All-Star,1970,NHL,,LW
bucykjo01,Lady Byng,1970,NHL,,
bucykjo01,Lady Byng,1973,NHL,,
bucykjo01,Second Team All-Star,1967,NHL,,LW
bullehy01,Second Team All-Star,1951,NHL,,D
burchbi01,Hart,1924,NHL,,
burchbi01,Lady Byng,1926,NHL,,
burepa01,Calder,1991,NHL,,
burepa01,First Team All-Star,1993,NHL,,RW
burepa01,Richard,1999,NHL,,
burepa01,Richard,2000,NHL,,
burepa01,Second Team All-Star,1999,NHL,,RW
burepa01,Second Team All-Star,2000,NHL,,RW
caffete01,Kaplan,1972,WHA,Rookie,
cainhe01,Art Ross,1943,NHL,,
cainhe01,Second Team All-Star,1943,NHL,,LW
campbbr02,Lady Byng,2011,NHL,,
campbbr02,Second Team All-Star,2007,NHL,,D
campbji01,All-Rookie,1996,NHL,,F
carbogu01,Selke,1987,NHL,,
carbogu01,Selke,1988,NHL,,
carbogu01,Selke,1991,NHL,,
careyji01,All-Rookie,1994,NHL,,G
careyji01,First Team All-Star,1995,NHL,,G
careyji01,Vezina,1995,NHL,,
carlema01,All-Rookie,2006,NHL,,D
carlewa01,Second Team All-Star,1973,WHA,,C
carlsjo01,All-Rookie,2010,NHL,,D
carlyra01,First Team All-Star,1980,NHL,,D
carlyra01,Norris,1980,NHL,,
caronse01,All-Rookie,2002,NHL,,G
carrlo01,First Team All-Star,1942,NHL,,RW
carrlo01,First Team All-Star,1943,NHL,,RW
carsoji01,All-Rookie,1986,NHL,,C
cashmwa01,Second Team All-Star,1973,NHL,,LW
cavalpa01,Plus-Minus,1989,NHL,,
cechmro01,Jennings,2002,NHL,shared,
cechmro01,Second Team All-Star,2000,NHL,,G
chabolo01,First Team All-Star,1934,NHL,,G
chabolo01,Vezina,1934,NHL,,
chapmar01,Second Team All-Star,1936,NHL,,C
charazd01,First Team All-Star,2003,NHL,,D
charazd01,First Team All-Star,2008,NHL,,D
charazd01,Messier,2010,NHL,,
charazd01,Norris,2008,NHL,,
charazd01,Plus-Minus,2010,NHL,,
charazd01,Second Team All-Star,2005,NHL,,D
charazd01,Second Team All-Star,2007,NHL,,D
charazd01,Second Team All-Star,2010,NHL,,D
charazd01,Second Team All-Star,2011,NHL,,D
chaseke01,King Clancy,1997,NHL,,
cheecjo01,Richard,2005,NHL,,
cheevge01,First Team All-Star,1972,WHA,,G
cheevge01,Hatskin,1972,WHA,Best Goaltender,
cheevge01,Second Team All-Star,1973,WHA,,G
cheevge01,Second Team All-Star,1974,WHA,,G
chelich01,All-Rookie,1984,NHL,,D
chelich01,First Team All-Star,1988,NHL,,D
chelich01,First Team All-Star,1992,NHL,,D
chelich01,First Team All-Star,1994,NHL,,D
chelich01,First Team All-Star,1995,NHL,,D
chelich01,First Team All-Star,2001,NHL,,D
chelich01,Messier,2006,NHL,,
chelich01,Norris,1988,NHL,,
chelich01,Norris,1992,NHL,,
chelich01,Norris,1995,NHL,,
chelich01,Plus-Minus,2001,NHL,,
chelich01,Second Team All-Star,1990,NHL,,D
chelich01,Second Team All-Star,1996,NHL,,D
chevrre01,Second Team All-Star,1956,NHL,,LW
clancki01,First Team All-Star,1930,NHL,,D
clancki01,First Team All-Star,1933,NHL,,D
clancki01,Second Team All-Star,1931,NHL,,D
clancki01,Second Team All-Star,1932,NHL,,D
clappdi01,First Team All-Star,1938,NHL,,D
clappdi01,First Team All-Star,1939,NHL,,D
clappdi01,First Team All-Star,1940,NHL,,D
clappdi01,Second Team All-Star,1930,NHL,,RW
clappdi01,Second Team All-Star,1934,NHL,,RW
clappdi01,Second Team All-Star,1943,NHL,,D
clarkbo01,First Team All-Star,1974,NHL,,C
clarkbo01,First Team All-Star,1975,NHL,,C
clarkbo01,Hart,1972,NHL,,
clarkbo01,Hart,1974,NHL,,
clarkbo01,Hart,1975,NHL,,
clarkbo01,Masterton,1971,NHL,,
clarkbo01,Pearson,1973,NHL,,
clarkbo01,Second Team All-Star,1972,NHL,,C
clarkbo01,Second Team All-Star,1973,NHL,,C
clarkbo01,Selke,1982,NHL,,
clarkwe01,All-Rookie,1985,NHL,,LW
cleghod01,Art Ross,1918,NHL,,
cloutre01,First Team All-Star,1978,WHA,,RW
cloutre01,Hunter,1976,WHA,Scoring,
cloutre01,Hunter,1978,WHA,Scoring,
cloutre01,Second Team All-Star,1975,WHA,,RW
cloutre01,Second Team All-Star,1976,WHA,,RW
cloutre01,Second Team All-Star,1977,WHA,,RW
coffepa01,First Team All-Star,1984,NHL,,D
coffepa01,First Team All-Star,1985,NHL,,D
coffepa01,First Team All-Star,1988,NHL,,D
coffepa01,First Team All-Star,1994,NHL,,D
coffepa01,Norris,1984,NHL,,
coffepa01,Norris,1985,NHL,,
coffepa01,Norris,1994,NHL,,
coffepa01,Second Team All-Star,1981,NHL,,D
coffepa01,Second Team All-Star,1982,NHL,,D
coffepa01,Second Team All-Star,1983,NHL,,D
coffepa01,Second Team All-Star,1989,NHL,,D
colvine01,Second Team All-Star,1938,NHL,,C
colvine01,Second Team All-Star,1939,NHL,,C
colvine01,Second Team All-Star,1947,NHL,,D
conacch01,Art Ross,1933,NHL,,
conacch01,Art Ross,1934,NHL,,
conacch01,First Team All-Star,1933,NHL,,RW
conacch01,First Team All-Star,1934,NHL,,RW
conacch01,First Team All-Star,1935,NHL,,RW
conacch01,Second Team All-Star,1931,NHL,,RW
conacch01,Second Team All-Star,1932,NHL,,RW
conacli01,First Team All-Star,1933,NHL,,D
conacli01,Second Team All-Star,1932,NHL,,D
conacli01,Second Team All-Star,1936,NHL,,D
conacro01,Art Ross,1948,NHL,,
conacro01,First Team All-Star,1948,NHL,,LW
cookbi01,Art Ross,1926,NHL,,
cookbi01,Art Ross,1932,NHL,,
cookbi01,First Team All-Star,1930,NHL,,RW
cookbi01,First Team All-Star,1931,NHL,,RW
cookbi01,First Team All-Star,1932,NHL,,RW
cookbi01,Second Team All-Star,1933,NHL,,RW
cookbu01,Second Team All-Star,1930,NHL,,LW
coultar01,Second Team All-Star,1934,NHL,,D
coultar01,Second Team All-Star,1937,NHL,,D
coultar01,Second Team All-Star,1938,NHL,,D
coultar01,Second Team All-Star,1939,NHL,,D
cournyv01,Conn Smythe,1972,NHL,,
cournyv01,Second Team All-Star,1968,NHL,,RW
cournyv01,Second Team All-Star,1970,NHL,,RW
cournyv01,Second Team All-Star,1971,NHL,,RW
cournyv01,Second Team All-Star,1972,NHL,,RW
coutulo01,All-Rookie,2010,NHL,,F
cowlebi01,Art Ross,1940,NHL,,
cowlebi01,First Team All-Star,1937,NHL,,C
cowlebi01,First Team All-Star,1940,NHL,,C
cowlebi01,First Team All-Star,1942,NHL,,C
cowlebi01,First Team All-Star,1943,NHL,,C
cowlebi01,Hart,1940,NHL,,
cowlebi01,Hart,1942,NHL,,
cowlebi01,Second Team All-Star,1944,NHL,,C
crawfco01,All-Rookie,2010,NHL,,G
crawfja01,First Team All-Star,1945,NHL,,D
crawfja01,Second Team All-Star,1942,NHL,,D
crosbsi01,All-Rookie,2005,NHL,,F
crosbsi01,Art Ross,2006,NHL,,
crosbsi01,First Team All-Star,2006,NHL,,C
crosbsi01,Hart,2006,NHL,,
crosbsi01,Messier,2009,NHL,,
crosbsi01,Pearson,2006,NHL,,
crosbsi01,Richard,2009,NHL,shared,
crosbsi01,Second Team All-Star,2009,NHL,,C
croziro01,Calder,1964,NHL,,
croziro01,Conn Smythe,1965,NHL,,
croziro01,First Team All-Star,1964,NHL,,G
cudewi01,Second Team All-Star,1935,NHL,,G
cudewi01,Second Team All-Star,1936,NHL,,G
cullejo01,Masterton,1998,NHL,,
dafoeby01,Second Team All-Star,1998,NHL,,G
dahlikj01,All-Rookie,1985,NHL,,RW
dahlscu01,Calder,1937,NHL,,
daleyjo01,First Team All-Star,1975,WHA,,G
daleyjo01,Second Team All-Star,1976,WHA,,G
daneyke01,Masterton,1999,NHL,,
daousda01,All-Rookie,1982,NHL,,C
datsypa01,Lady Byng,2005,NHL,,
datsypa01,Lady Byng,2006,NHL,,
datsypa01,Lady Byng,2007,NHL,,
datsypa01,Lady Byng,2008,NHL,,
datsypa01,Plus-Minus,2007,NHL,,
datsypa01,Second Team All-Star,2008,NHL,,C
datsypa01,Selke,2007,NHL,,
datsypa01,Selke,2008,NHL,,
datsypa01,Selke,2009,NHL,,
dazeer01,All-Rookie,1995,NHL,,F
dejorde01,Vezina,1966,NHL,shared,
delveal01,Lady Byng,1958,NHL,,
delveal01,Lady Byng,1965,NHL,,
delveal01,Lady Byng,1968,NHL,,
delveal01,Second Team All-Star,1952,NHL,,C
delveal01,Second Team All-Star,1958,NHL,,LW
delzomi01,All-Rookie,2009,NHL,,D
demitpa01,Lady Byng,1999,NHL,,
dennecy01,Art Ross,1923,NHL,,
desjaer01,Second Team All-Star,1998,NHL,,D
desjaer01,Second Team All-Star,1999,NHL,,D
dilloce01,First Team All-Star,1937,NHL,tie,RW
dilloce01,Second Team All-Star,1935,NHL,,RW
dilloce01,Second Team All-Star,1936,NHL,,RW
dionmi01,Hatskin,1975,WHA,Best Goaltender,
dionngi01,All-Rookie,1991,NHL,,LW
dionnma01,Art Ross,1979,NHL,,
dionnma01,First Team All-Star,1976,NHL,,C
dionnma01,First Team All-Star,1979,NHL,,C
dionnma01,Lady Byng,1974,NHL,,
dionnma01,Lady Byng,1976,NHL,,
dionnma01,Pearson,1978,NHL,,
dionnma01,Pearson,1979,NHL,,
dionnma01,Second Team All-Star,1978,NHL,,C
dionnma01,Second Team All-Star,1980,NHL,,C
doansh01,King Clancy,2009,NHL,,
doansh01,Messier,2011,NHL,,
doreyji01,Second Team All-Star,1972,WHA,,D
doughdr01,All-Rookie,2008,NHL,,D
doughdr01,Second Team All-Star,2009,NHL,,D
douglke01,Calder,1962,NHL,,
drapekr01,Selke,2003,NHL,,
drillgo01,Art Ross,1937,NHL,,
drillgo01,First Team All-Star,1937,NHL,tie,RW
drillgo01,First Team All-Star,1938,NHL,,RW
drillgo01,Lady Byng,1937,NHL,,
drillgo01,Second Team All-Star,1941,NHL,,RW
drurych01,All-Rookie,1998,NHL,,F
drurych01,Calder,1998,NHL,,
drydeda01,First Team All-Star,1978,WHA,,G
drydeda01,Hatskin,1978,WHA,Best Goaltender,
drydeda01,Howe,1978,WHA,MVP,
drydeke01,Calder,1971,NHL,,
drydeke01,Conn Smythe,1970,NHL,,
drydeke01,First Team All-Star,1972,NHL,,G
drydeke01,First Team All-Star,1975,NHL,,G
drydeke01,First Team All-Star,1976,NHL,,G
drydeke01,First Team All-Star,1977,NHL,,G
drydeke01,First Team All-Star,1978,NHL,,G
drydeke01,Second Team All-Star,1971,NHL,,G
drydeke01,Vezina,1972,NHL,,
drydeke01,Vezina,1975,NHL,,
drydeke01,Vezina,1976,NHL,shared,
drydeke01,Vezina,1977,NHL,shared,
drydeke01,Vezina,1978,NHL,shared,
duchema01,All-Rookie,2009,NHL,,F
duchest01,All-Rookie,1986,NHL,,D
dumarwo01,Second Team All-Star,1939,NHL,,LW
dumarwo01,Second Team All-Star,1940,NHL,,LW
dumarwo01,Second Team All-Star,1946,NHL,,LW
duncaia01,All-Rookie,1987,NHL,,LW
dunhami01,Jennings,1996,NHL,shared,
dunlobl01,Masterton,1980,NHL,,
durnabi01,First Team All-Star,1943,NHL,,G
durnabi01,First Team All-Star,1944,NHL,,G
durnabi01,First Team All-Star,1945,NHL,,G
durnabi01,First Team All-Star,1946,NHL,,G
durnabi01,First Team All-Star,1948,NHL,,G
durnabi01,First Team All-Star,1949,NHL,,G
durnabi01,Vezina,1943,NHL,,
durnabi01,Vezina,1944,NHL,,
durnabi01,Vezina,1945,NHL,,
durnabi01,Vezina,1946,NHL,,
durnabi01,Vezina,1948,NHL,,
durnabi01,Vezina,1949,NHL,,
dyeba01,Art Ross,1922,NHL,,
dyeba01,Art Ross,1924,NHL,,
edwardo01,Second Team All-Star,1977,NHL,,G
edwardo01,Second Team All-Star,1979,NHL,,G
edwardo01,Vezina,1979,NHL,shared,
eganpa01,Second Team All-Star,1941,NHL,,D
eliaspa01,All-Rookie,1997,NHL,,F
eliaspa01,First Team All-Star,2000,NHL,,LW
eliaspa01,Plus-Minus,2000,NHL,tie,
elliobr01,Crozier,2011,NHL,,
elliobr01,Jennings,2011,NHL,shared,
ellisda01,Crozier,2007,NHL,,
engblbr01,Second Team All-Star,1981,NHL,,D
enrotjh01,All-Rookie,2011,NHL,,G
enstrto01,All-Rookie,2007,NHL,,D
eriksth01,All-Rookie,1983,NHL,,D
eschero01,Jennings,2002,NHL,shared,
esposph01,Art Ross,1968,NHL,,
esposph01,Art Ross,1970,NHL,,
esposph01,Art Ross,1971,NHL,,
esposph01,Art Ross,1972,NHL,,
esposph01,Art Ross,1973,NHL,,
esposph01,First Team All-Star,1968,NHL,,C
esposph01,First Team All-Star,1969,NHL,,C
esposph01,First Team All-Star,1970,NHL,,C
esposph01,First Team All-Star,1971,NHL,,C
esposph01,First Team All-Star,1972,NHL,,C
esposph01,First Team All-Star,1973,NHL,,C
esposph01,Hart,1968,NHL,,
esposph01,Hart,1973,NHL,,
esposph01,Pearson,1970,NHL,,
esposph01,Pearson,1972,NHL,,
esposph01,Second Team All-Star,1967,NHL,,C
esposph01,Second Team All-Star,1974,NHL,,C
esposto01,Calder,1969,NHL,,
esposto01,First Team All-Star,1969,NHL,,G
esposto01,First Team All-Star,1971,NHL,,G
esposto01,First Team All-Star,1979,NHL,,G
esposto01,Second Team All-Star,1972,NHL,,G
esposto01,Second Team All-Star,1973,NHL,,G
esposto01,Vezina,1969,NHL,,
esposto01,Vezina,1971,NHL,shared,
esposto01,Vezina,1973,NHL,tie,
essenbo01,All-Rookie,1989,NHL,,G
faulkju01,All-Rookie,2011,NHL,,D
fedorse01,All-Rookie,1990,NHL,,C
fedorse01,First Team All-Star,1993,NHL,,C
fedorse01,Hart,1993,NHL,,
fedorse01,Pearson,1993,NHL,,
fedorse01,Selke,1993,NHL,,
fedorse01,Selke,1995,NHL,,
fernama01,Jennings,2006,NHL,shared,
fernama01,Jennings,2008,NHL,shared,
fitzpma01,Masterton,1991,NHL,,
flamafe01,Second Team All-Star,1954,NHL,,D
flamafe01,Second Team All-Star,1956,NHL,,D
flamafe01,Second Team All-Star,1957,NHL,,D
fleurth01,Plus-Minus,1990,NHL,tie,
fleurth01,Second Team All-Star,1994,NHL,,RW
forsbpe01,All-Rookie,1994,NHL,,F
forsbpe01,Art Ross,2002,NHL,,
forsbpe01,Calder,1994,NHL,,
forsbpe01,First Team All-Star,1997,NHL,,C
forsbpe01,First Team All-Star,1998,NHL,,C
forsbpe01,First Team All-Star,2002,NHL,,C
forsbpe01,Hart,2002,NHL,,
forsbpe01,Plus-Minus,2002,NHL,tie,
francro01,King Clancy,2001,NHL,,
francro01,Lady Byng,1994,NHL,,
francro01,Lady Byng,1997,NHL,,
francro01,Lady Byng,2001,NHL,,
francro01,Plus-Minus,1994,NHL,,
francro01,Selke,1994,NHL,,
friesje01,All-Rookie,1994,NHL,,F
froesbo01,Jennings,1985,NHL,shared,
froesbo01,Second Team All-Star,1985,NHL,,G
ftorero01,First Team All-Star,1976,WHA,,C
ftorero01,First Team All-Star,1978,WHA,,C
ftorero01,Howe,1976,WHA,MVP,
ftorero01,Second Team All-Star,1975,WHA,,C
ftorero01,Second Team All-Star,1977,WHA,,C
fuhrgr01,First Team All-Star,1987,NHL,,G
fuhrgr01,Jennings,1993,NHL,shared,
fuhrgr01,Second Team All-Star,1981,NHL,,G
fuhrgr01,Vezina,1987,NHL,,
gaborma01,Second Team All-Star,2011,NHL,,RW
gadsbbi01,First Team All-Star,1955,NHL,,D
gadsbbi01,First Team All-Star,1957,NHL,,D
gadsbbi01,First Team All-Star,1958,NHL,,D
gadsbbi01,Second Team All-Star,1952,NHL,,D
gadsbbi01,Second Team All-Star,1953,NHL,,D
gadsbbi01,Second Team All-Star,1956,NHL,,D
gadsbbi01,Second Team All-Star,1964,NHL,,D
gagnesi01,All-Rookie,1999,NHL,,F
gainebo01,Conn Smythe,1978,NHL,,
gainebo01,Selke,1977,NHL,,
gainebo01,Selke,1978,NHL,,
gainebo01,Selke,1979,NHL,,
gainebo01,Selke,1980,NHL,,
gallage01,Second Team All-Star,1988,NHL,,LW
gardich01,First Team All-Star,1930,NHL,,G
gardich01,First Team All-Star,1931,NHL,,G
gardich01,First Team All-Star,1933,NHL,,G
gardich01,Second Team All-Star,1932,NHL,,G
gardich01,Vezina,1931,NHL,,
gardich01,Vezina,1933,NHL,,
gardihe01,Hart,1926,NHL,,
gardija01,All-Rookie,2011,NHL,,D
gareda01,Second Team All-Star,1979,NHL,,RW
garrejo01,First Team All-Star,1976,WHA,,G
gelinja01,Calder,1949,NHL,,
geoffbe01,Art Ross,1954,NHL,,
geoffbe01,Art Ross,1960,NHL,,
geoffbe01,Calder,1951,NHL,,
geoffbe01,First Team All-Star,1960,NHL,,RW
geoffbe01,Hart,1960,NHL,,
geoffbe01,Second Team All-Star,1954,NHL,,RW
geoffbe01,Second Team All-Star,1959,NHL,,RW
giacoed01,First Team All-Star,1966,NHL,,G
giacoed01,First Team All-Star,1970,NHL,,G
giacoed01,Second Team All-Star,1967,NHL,,G
giacoed01,Second Team All-Star,1968,NHL,,G
giacoed01,Second Team All-Star,1969,NHL,,G
giacoed01,Vezina,1970,NHL,shared,
gigueje01,Conn Smythe,2002,NHL,,
gilbero01,First Team All-Star,1971,NHL,,RW
gilbero01,Masterton,1975,NHL,,
gilbero01,Second Team All-Star,1967,NHL,,RW
gilbeto01,All-Rookie,2007,NHL,,D
gillicl01,First Team All-Star,1977,NHL,,LW
gillicl01,First Team All-Star,1978,NHL,,LW
gilmodo01,Selke,1992,NHL,,
goldhbo01,Second Team All-Star,1954,NHL,,D
gomezsc01,All-Rookie,1999,NHL,,F
gomezsc01,Calder,1999,NHL,,
gonchse01,Second Team All-Star,2001,NHL,,D
gonchse01,Second Team All-Star,2002,NHL,,D
goodfeb01,First Team All-Star,1936,NHL,,D
goodfeb01,First Team All-Star,1939,NHL,,D
goodfeb01,Hart,1939,NHL,,
goodfeb01,Second Team All-Star,1935,NHL,,D
gorinbu01,Conn Smythe,1980,NHL,,
gorinbu01,Lady Byng,1977,NHL,,
gorinbu01,Masterton,1977,NHL,,
gottsjo01,Second Team All-Star,1938,NHL,,LW
goulemi01,First Team All-Star,1983,NHL,,LW
goulemi01,First Team All-Star,1985,NHL,,LW
goulemi01,First Team All-Star,1986,NHL,,LW
goulemi01,Second Team All-Star,1982,NHL,,LW
goulemi01,Second Team All-Star,1987,NHL,,LW
goyetph01,Lady Byng,1969,NHL,,
grabnmi01,All-Rookie,2010,NHL,,F
grahadi01,Selke,1990,NHL,,
graharo02,First Team All-Star,1974,WHA,,G
graharo02,Hatskin,1974,WHA,Best Goaltender,
graharo02,Hatskin,1976,WHA,Best Goaltender,
graharo02,Playoff MVP,1974,WHA,,
graharo02,Second Team All-Star,1975,WHA,,G
granato01,All-Rookie,1988,NHL,,RW
granato01,Masterton,1996,NHL,,
grantda01,Calder,1968,NHL,,
gravead01,King Clancy,1993,NHL,,
gravead01,Masterton,2000,NHL,,
gravead01,Second Team All-Star,1993,NHL,,LW
greenmi03,First Team All-Star,2008,NHL,,D
greenmi03,First Team All-Star,2009,NHL,,D
greente01,Second Team All-Star,1968,NHL,,D
gretzwa01,Art Ross,1980,NHL,,
gretzwa01,Art Ross,1981,NHL,,
gretzwa01,Art Ross,1982,NHL,,
gretzwa01,Art Ross,1983,NHL,,
gretzwa01,Art Ross,1984,NHL,,
gretzwa01,Art Ross,1985,NHL,,
gretzwa01,Art Ross,1986,NHL,,
gretzwa01,Art Ross,1989,NHL,,
gretzwa01,Art Ross,1990,NHL,,
gretzwa01,Art Ross,1993,NHL,,
gretzwa01,Conn Smythe,1984,NHL,,
gretzwa01,Conn Smythe,1987,NHL,,
gretzwa01,First Team All-Star,1980,NHL,,C
gretzwa01,First Team All-Star,1981,NHL,,C
gretzwa01,First Team All-Star,1982,NHL,,C
gretzwa01,First Team All-Star,1983,NHL,,C
gretzwa01,First Team All-Star,1984,NHL,,C
gretzwa01,First Team All-Star,1985,NHL,,C
gretzwa01,First Team All-Star,1986,NHL,,C
gretzwa01,First Team All-Star,1990,NHL,,C
gretzwa01,Hart,1979,NHL,,
gretzwa01,Hart,1980,NHL,,
gretzwa01,Hart,1981,NHL,,
gretzwa01,Hart,1982,NHL,,
gretzwa01,Hart,1983,NHL,,
gretzwa01,Hart,1984,NHL,,
gretzwa01,Hart,1985,NHL,,
gretzwa01,Hart,1986,NHL,,
gretzwa01,Hart,1988,NHL,,
gretzwa01,Kaplan,1978,WHA,Rookie,
gretzwa01,Lady Byng,1979,NHL,,
gretzwa01,Lady Byng,1990,NHL,,
gretzwa01,Lady Byng,1991,NHL,,
gretzwa01,Lady Byng,1993,NHL,,
gretzwa01,Lady Byng,1998,NHL,,
gretzwa01,Pearson,1981,NHL,,
gretzwa01,Pearson,1982,NHL,,
gretzwa01,Pearson,1983,NHL,,
gretzwa01,Pearson,1984,NHL,,
gretzwa01,Pearson,1986,NHL,,
gretzwa01,Plus-Minus,1983,NHL,,
gretzwa01,Plus-Minus,1984,NHL,,
gretzwa01,Plus-Minus,1986,NHL,,
gretzwa01,Second Team All-Star,1978,WHA,,C
gretzwa01,Second Team All-Star,1979,NHL,,C
gretzwa01,Second Team All-Star,1987,NHL,,C
gretzwa01,Second Team All-Star,1988,NHL,,C
gretzwa01,Second Team All-Star,1989,NHL,,C
gretzwa01,Second Team All-Star,1993,NHL,,C
gretzwa01,Second Team All-Star,1996,NHL,,C
gretzwa01,Second Team All-Star,1997,NHL,,C
gueribi01,Second Team All-Star,2001,NHL,,RW
guindbo01,Playoff MVP,1977,WHA,,
hadfivi01,Second Team All-Star,1971,NHL,,LW
hainsge01,Vezina,1926,NHL,,
hainsge01,Vezina,1927,NHL,,
hainsge01,Vezina,1928,NHL,,
halakja01,Jennings,2011,NHL,shared,
hallgl01,Calder,1955,NHL,,
hallgl01,Conn Smythe,1967,NHL,,
hallgl01,First Team All-Star,1956,NHL,,G
hallgl01,First Team All-Star,1957,NHL,,G
hallgl01,First Team All-Star,1959,NHL,,G
hallgl01,First Team All-Star,1962,NHL,,G
hallgl01,First Team All-Star,1963,NHL,,G
hallgl01,First Team All-Star,1965,NHL,,G
hallgl01,First Team All-Star,1968,NHL,,G
hallgl01,Second Team All-Star,1955,NHL,,G
hallgl01,Second Team All-Star,1960,NHL,,G
hallgl01,Second Team All-Star,1961,NHL,,G
hallgl01,Second Team All-Star,1966,NHL,,G
hallgl01,Vezina,1962,NHL,,
hallgl01,Vezina,1966,NHL,shared,
hallgl01,Vezina,1968,NHL,shared,
hamilal01,First Team All-Star,1977,WHA,,D
hamilal01,Second Team All-Star,1973,WHA,,D
hampste01,Deneau,1972,WHA,Most Gentlemanly,
hampste01,Masterton,1968,NHL,,
harmogl01,Second Team All-Star,1944,NHL,,D
harmogl01,Second Team All-Star,1948,NHL,,D
harrite01,Second Team All-Star,1968,NHL,,D
harvedo01,First Team All-Star,1951,NHL,,D
harvedo01,First Team All-Star,1952,NHL,,D
harvedo01,First Team All-Star,1953,NHL,,D
harvedo01,First Team All-Star,1954,NHL,,D
harvedo01,First Team All-Star,1955,NHL,,D
harvedo01,First Team All-Star,1956,NHL,,D
harvedo01,First Team All-Star,1957,NHL,,D
harvedo01,First Team All-Star,1959,NHL,,D
harvedo01,First Team All-Star,1960,NHL,,D
harvedo01,First Team All-Star,1961,NHL,,D
harvedo01,Norris,1954,NHL,,
harvedo01,Norris,1955,NHL,,
harvedo01,Norris,1956,NHL,,
harvedo01,Norris,1957,NHL,,
harvedo01,Norris,1959,NHL,,
harvedo01,Norris,1960,NHL,,
harvedo01,Norris,1961,NHL,,
harvedo01,Second Team All-Star,1958,NHL,,D
hasekdo01,All-Rookie,1991,NHL,,G
hasekdo01,First Team All-Star,1993,NHL,,G
hasekdo01,First Team All-Star,1994,NHL,,G
hasekdo01,First Team All-Star,1996,NHL,,G
hasekdo01,First Team All-Star,1997,NHL,,G
hasekdo01,First Team All-Star,1998,NHL,,G
hasekdo01,First Team All-Star,2000,NHL,,G
hasekdo01,Hart,1996,NHL,,
hasekdo01,Hart,1997,NHL,,
hasekdo01,Jennings,1993,NHL,shared,
hasekdo01,Jennings,2000,NHL,,
hasekdo01,Jennings,2007,NHL,shared,
hasekdo01,Pearson,1996,NHL,,
hasekdo01,Pearson,1997,NHL,,
hasekdo01,Vezina,1993,NHL,,
hasekdo01,Vezina,1994,NHL,,
hasekdo01,Vezina,1996,NHL,,
hasekdo01,Vezina,1997,NHL,,
hasekdo01,Vezina,1998,NHL,,
hasekdo01,Vezina,2000,NHL,,
hatchde01,Second Team All-Star,2002,NHL,,D
havlama01,All-Rookie,2000,NHL,,F
hawerda01,Calder,1981,NHL,,
hawerda01,Second Team All-Star,1984,NHL,,C
haybi01,Calder,1959,NHL,,
haywabr01,Jennings,1986,NHL,shared,
haywabr01,Jennings,1987,NHL,shared,
haywabr01,Jennings,1988,NHL,shared,
heatlda01,All-Rookie,2001,NHL,,F
heatlda01,Calder,2001,NHL,,
heatlda01,First Team All-Star,2006,NHL,,RW
heatlda01,Second Team All-Star,2005,NHL,,LW
hebenan01,Lady Byng,1956,NHL,,
hedbean01,First Team All-Star,1975,WHA,,RW
hedbean01,First Team All-Star,1976,WHA,,RW
hedbean01,First Team All-Star,1977,WHA,,RW
hedbean01,Kaplan,1974,WHA,Rookie,
hedbean01,Masterton,1984,NHL,,
hedbean01,Second Team All-Star,1974,WHA,,RW
hejdumi01,All-Rookie,1998,NHL,,F
hejdumi01,Plus-Minus,2002,NHL,tie,
hejdumi01,Richard,2002,NHL,,
hejdumi01,Second Team All-Star,2002,NHL,,RW
helleot01,Second Team All-Star,1940,NHL,,D
henriad01,All-Rookie,2011,NHL,,F
henryca01,Calder,1953,NHL,,
henryca01,Lady Byng,1957,NHL,,
henryca01,Second Team All-Star,1957,NHL,,LW
henryji01,Second Team All-Star,1951,NHL,,G
herrode01,Jennings,1981,NHL,shared,
herrode01,Vezina,1980,NHL,shared,
hextabr01,Art Ross,1941,NHL,,
hextabr01,First Team All-Star,1939,NHL,,RW
hextabr01,First Team All-Star,1940,NHL,,RW
hextabr01,First Team All-Star,1941,NHL,,RW
hextabr01,Second Team All-Star,1942,NHL,,RW
hextaro01,All-Rookie,1986,NHL,,G
hextaro01,Conn Smythe,1986,NHL,,
hextaro01,First Team All-Star,1986,NHL,,G
hextaro01,Vezina,1986,NHL,,
hirscco01,All-Rookie,1995,NHL,,G
hodgech01,Second Team All-Star,1963,NHL,,G
hodgech01,Second Team All-Star,1964,NHL,,G
hodgech01,Vezina,1963,NHL,,
hodgech01,Vezina,1965,NHL,shared,
hodgeke01,First Team All-Star,1970,NHL,,RW
hodgeke01,First Team All-Star,1973,NHL,,RW
hodgeke02,All-Rookie,1990,NHL,,RW
hoganda01,Second Team All-Star,1976,WHA,,D
hollefl01,First Team All-Star,1944,NHL,,D
hollefl01,Second Team All-Star,1942,NHL,,D
hornula01,Second Team All-Star,1972,WHA,,D
hortoti01,First Team All-Star,1963,NHL,,D
hortoti01,First Team All-Star,1967,NHL,,D
hortoti01,First Team All-Star,1968,NHL,,D
hortoti01,Second Team All-Star,1953,NHL,,D
hortoti01,Second Team All-Star,1962,NHL,,D
hortoti01,Second Team All-Star,1966,NHL,,D
horvabr01,Second Team All-Star,1959,NHL,,C
hossama01,All-Rookie,1998,NHL,,F
hossama01,Second Team All-Star,2008,NHL,,RW
houslph01,All-Rookie,1982,NHL,,D
houslph01,Second Team All-Star,1991,NHL,,D
howarji01,All-Rookie,2009,NHL,,G
howego01,Art Ross,1950,NHL,,
howego01,Art Ross,1951,NHL,,
howego01,Art Ross,1952,NHL,,
howego01,Art Ross,1953,NHL,,
howego01,Art Ross,1956,NHL,,
howego01,Art Ross,1962,NHL,,
howego01,Davidson,1973,WHA,MVP,
howego01,First Team All-Star,1950,NHL,,RW
howego01,First Team All-Star,1951,NHL,,RW
howego01,First Team All-Star,1952,NHL,,RW
howego01,First Team All-Star,1953,NHL,,RW
howego01,First Team All-Star,1956,NHL,,RW
howego01,First Team All-Star,1957,NHL,,RW
howego01,First Team All-Star,1959,NHL,,RW
howego01,First Team All-Star,1962,NHL,,RW
howego01,First Team All-Star,1965,NHL,,RW
howego01,First Team All-Star,1967,NHL,,RW
howego01,First Team All-Star,1968,NHL,,RW
howego01,First Team All-Star,1969,NHL,,RW
howego01,First Team All-Star,1973,WHA,,RW
howego01,First Team All-Star,1974,WHA,,RW
howego01,Hart,1951,NHL,,
howego01,Hart,1952,NHL,,
howego01,Hart,1956,NHL,,
howego01,Hart,1957,NHL,,
howego01,Hart,1959,NHL,,
howego01,Hart,1962,NHL,,
howego01,Second Team All-Star,1948,NHL,,RW
howego01,Second Team All-Star,1949,NHL,,RW
howego01,Second Team All-Star,1955,NHL,,RW
howego01,Second Team All-Star,1958,NHL,,RW
howego01,Second Team All-Star,1960,NHL,,RW
howego01,Second Team All-Star,1961,NHL,,RW
howego01,Second Team All-Star,1963,NHL,,RW
howego01,Second Team All-Star,1964,NHL,,RW
howego01,Second Team All-Star,1966,NHL,,RW
howelha01,First Team All-Star,1966,NHL,,D
howelha01,Norris,1966,NHL,,
howema01,First Team All-Star,1978,WHA,,LW
howema01,First Team All-Star,1982,NHL,,D
howema01,First Team All-Star,1985,NHL,,D
howema01,First Team All-Star,1986,NHL,,D
howema01,Kaplan,1973,WHA,Rookie,
howema01,Plus-Minus,1985,NHL,,
howema01,Second Team All-Star,1973,WHA,,LW
howesy01,Second Team All-Star,1944,NHL,,LW
huddych01,Plus-Minus,1982,NHL,,
huetcr01,Crozier,2005,NHL,,
hullbo01,Art Ross,1959,NHL,,
hullbo01,Art Ross,1961,NHL,,
hullbo01,Art Ross,1965,NHL,,
hullbo01,Davidson,1972,WHA,MVP,
hullbo01,First Team All-Star,1959,NHL,,LW
hullbo01,First Team All-Star,1961,NHL,,LW
hullbo01,First Team All-Star,1963,NHL,,LW
hullbo01,First Team All-Star,1964,NHL,,LW
hullbo01,First Team All-Star,1965,NHL,,LW
hullbo01,First Team All-Star,1966,NHL,,LW
hullbo01,First Team All-Star,1967,NHL,,LW
hullbo01,First Team All-Star,1968,NHL,,LW
hullbo01,First Team All-Star,1969,NHL,,LW
hullbo01,First Team All-Star,1971,NHL,,LW
hullbo01,First Team All-Star,1972,WHA,,LW
hullbo01,First Team All-Star,1973,WHA,,LW
hullbo01,First Team All-Star,1974,WHA,,LW
hullbo01,Hart,1964,NHL,,
hullbo01,Hart,1965,NHL,,
hullbo01,Howe,1974,WHA,MVP,
hullbo01,Lady Byng,1964,NHL,,
hullbo01,Second Team All-Star,1962,NHL,,LW
hullbo01,Second Team All-Star,1970,NHL,,LW
hullbo01,Second Team All-Star,1975,WHA,,LW
hullbo01,Second Team All-Star,1977,WHA,,LW
hullbr01,First Team All-Star,1989,NHL,,RW
hullbr01,First Team All-Star,1990,NHL,,RW
hullbr01,First Team All-Star,1991,NHL,,RW
hullbr01,Hart,1990,NHL,,
hullbr01,Lady Byng,1989,NHL,,
hullbr01,Pearson,1990,NHL,,
hullde01,Second Team All-Star,1972,NHL,,LW
huntetr01,All-Rookie,2003,NHL,,F
huselkr01,All-Rookie,2001,NHL,,F
iafraal01,Second Team All-Star,1992,NHL,,D
iginlja01,All-Rookie,1996,NHL,,F
iginlja01,Art Ross,2001,NHL,,
iginlja01,First Team All-Star,2001,NHL,,RW
iginlja01,First Team All-Star,2007,NHL,,RW
iginlja01,First Team All-Star,2008,NHL,,RW
iginlja01,King Clancy,2003,NHL,,
iginlja01,Messier,2008,NHL,,
iginlja01,Pearson,2001,NHL,,
iginlja01,Richard,2001,NHL,,
iginlja01,Richard,2003,NHL,shared,
iginlja01,Second Team All-Star,2003,NHL,,RW
jackmba01,All-Rookie,2002,NHL,,D
jackmba01,Calder,2002,NHL,,
jacksbu01,Art Ross,1931,NHL,,
jacksbu01,First Team All-Star,1931,NHL,,LW
jacksbu01,First Team All-Star,1933,NHL,,LW
jacksbu01,First Team All-Star,1934,NHL,,LW
jacksbu01,First Team All-Star,1936,NHL,,LW
jacksbu01,Second Team All-Star,1932,NHL,,LW
jagrja01,All-Rookie,1990,NHL,,LW
jagrja01,Art Ross,1994,NHL,,
jagrja01,Art Ross,1997,NHL,,
jagrja01,Art Ross,1998,NHL,,
jagrja01,Art Ross,1999,NHL,,
jagrja01,Art Ross,2000,NHL,,
jagrja01,First Team All-Star,1994,NHL,,RW
jagrja01,First Team All-Star,1995,NHL,,RW
jagrja01,First Team All-Star,1997,NHL,,RW
jagrja01,First Team All-Star,1998,NHL,,RW
jagrja01,First Team All-Star,1999,NHL,,RW
jagrja01,First Team All-Star,2000,NHL,,RW
jagrja01,First Team All-Star,2005,NHL,,RW
jagrja01,Hart,1998,NHL,,
jagrja01,Pearson,1998,NHL,,
jagrja01,Pearson,1999,NHL,,
jagrja01,Pearson,2005,NHL,,
jagrja01,Second Team All-Star,1996,NHL,,RW
jarrega01,Second Team All-Star,1972,WHA,,LW
jarvido01,Masterton,1986,NHL,,
jarvido01,Selke,1983,NHL,,
jenseal01,Jennings,1983,NHL,shared,
jenseda02,Jennings,1985,NHL,shared,
johanca01,All-Rookie,1987,NHL,,D
johnsch01,First Team All-Star,1931,NHL,,D
johnsch01,First Team All-Star,1932,NHL,,D
johnsch01,Second Team All-Star,1930,NHL,,D
johnsch01,Second Team All-Star,1933,NHL,,D
johnsmi01,All-Rookie,1997,NHL,,F
johnsto01,First Team All-Star,1958,NHL,,D
johnsto01,Norris,1958,NHL,,
johnsto01,Second Team All-Star,1955,NHL,,D
joliaau01,First Team All-Star,1930,NHL,,LW
joliaau01,Hart,1933,NHL,,
joliaau01,Second Team All-Star,1931,NHL,,LW
joliaau01,Second Team All-Star,1933,NHL,,LW
joliaau01,Second Team All-Star,1934,NHL,,LW
jonsske01,All-Rookie,1994,NHL,,D
josepcu01,King Clancy,1999,NHL,,
jovaned01,All-Rookie,1995,NHL,,D
juneajo01,All-Rookie,1992,NHL,,LW
kanepa01,All-Rookie,2007,NHL,,F
kanepa01,Calder,2007,NHL,,
kanepa01,First Team All-Star,2009,NHL,,RW
karakmi01,Calder,1935,NHL,,
karakmi01,Second Team All-Star,1944,NHL,,G
kariypa01,All-Rookie,1994,NHL,,F
kariypa01,First Team All-Star,1995,NHL,,LW
kariypa01,First Team All-Star,1996,NHL,,LW
kariypa01,First Team All-Star,1998,NHL,,LW
kariypa01,Lady Byng,1995,NHL,,
kariypa01,Lady Byng,1996,NHL,,
kariypa01,Second Team All-Star,1999,NHL,,LW
kariypa01,Second Team All-Star,2002,NHL,,LW
karlser01,First Team All-Star,2011,NHL,,D
karlser01,Norris,2011,NHL,,
kaspest01,Selke,1981,NHL,,
kehoeri01,Lady Byng,1980,NHL,,
keithdu01,First Team All-Star,2009,NHL,,D
keithdu01,Norris,2009,NHL,,
kellyre01,First Team All-Star,1950,NHL,,D
kellyre01,First Team All-Star,1951,NHL,,D
kellyre01,First Team All-Star,1952,NHL,,D
kellyre01,First Team All-Star,1953,NHL,,D
kellyre01,First Team All-Star,1954,NHL,,D
kellyre01,First Team All-Star,1956,NHL,,D
kellyre01,Lady Byng,1950,NHL,,
kellyre01,Lady Byng,1952,NHL,,
kellyre01,Lady Byng,1953,NHL,,
kellyre01,Lady Byng,1960,NHL,,
kellyre01,Norris,1953,NHL,,
kellyre01,Second Team All-Star,1949,NHL,,D
kellyre01,Second Team All-Star,1955,NHL,,D
kennete01,Hart,1954,NHL,,
kennete01,Second Team All-Star,1949,NHL,,C
kennete01,Second Team All-Star,1950,NHL,tie,C
kennete01,Second Team All-Star,1953,NHL,,C
keonda01,Calder,1960,NHL,,
keonda01,Conn Smythe,1966,NHL,,
keonda01,Deneau,1976,WHA,Most Gentlemanly,
keonda01,Deneau,1977,WHA,Most Gentlemanly,
keonda01,Lady Byng,1961,NHL,,
keonda01,Lady Byng,1962,NHL,,
keonda01,Second Team All-Star,1961,NHL,,C
keonda01,Second Team All-Star,1970,NHL,,C
kerrda01,First Team All-Star,1939,NHL,,G
kerrda01,Second Team All-Star,1937,NHL,,G
kerrda01,Vezina,1939,NHL,,
kerrti01,Masterton,1988,NHL,,
kerrti01,Second Team All-Star,1986,NHL,,RW
keslery01,Selke,2010,NHL,,
kesseph01,Masterton,2006,NHL,,
kingkr01,King Clancy,1995,NHL,,
kiprumi01,First Team All-Star,2005,NHL,,G
kiprumi01,Jennings,2005,NHL,,
kiprumi01,Vezina,2005,NHL,,
kleslro01,All-Rookie,2001,NHL,,D
kluzago01,Masterton,1989,NHL,,
koivusa01,King Clancy,2006,NHL,,
koivusa01,Masterton,2001,NHL,,
kolziol01,First Team All-Star,1999,NHL,,G
kolziol01,King Clancy,2005,NHL,,
kolziol01,Vezina,1999,NHL,,
konstvl01,All-Rookie,1991,NHL,,D
konstvl01,Plus-Minus,1995,NHL,,
konstvl01,Second Team All-Star,1995,NHL,,D
kovalal01,Second Team All-Star,2007,NHL,,RW
kovalil01,All-Rookie,2001,NHL,,F
kovalil01,First Team All-Star,2011,NHL,,LW
kovalil01,Richard,2003,NHL,shared,
kovalil01,Second Team All-Star,2003,NHL,,LW
krejcda01,Plus-Minus,2008,NHL,,
kurrija01,First Team All-Star,1984,NHL,,RW
kurrija01,First Team All-Star,1986,NHL,,RW
kurrija01,Lady Byng,1984,NHL,,
kurrija01,Second Team All-Star,1983,NHL,,RW
kurrija01,Second Team All-Star,1985,NHL,,RW
kurrija01,Second Team All-Star,1988,NHL,,RW
lachel01,Art Ross,1944,NHL,,
lachel01,Art Ross,1947,NHL,,
lachel01,First Team All-Star,1944,NHL,,C
lachel01,First Team All-Star,1947,NHL,,C
lachel01,First Team All-Star,1951,NHL,,C
lachel01,Hart,1944,NHL,,
lachel01,Second Team All-Star,1943,NHL,,C
lachel01,Second Team All-Star,1945,NHL,,C
lacroan01,First Team All-Star,1972,WHA,,C
lacroan01,First Team All-Star,1973,WHA,,C
lacroan01,First Team All-Star,1974,WHA,,C
lacroan01,Hunter,1972,WHA,Scoring,
lacroan01,Hunter,1974,WHA,Scoring,
laflegu01,Art Ross,1975,NHL,,
laflegu01,Art Ross,1976,NHL,,
laflegu01,Art Ross,1977,NHL,,
laflegu01,Conn Smythe,1976,NHL,,
laflegu01,First Team All-Star,1974,NHL,,RW
laflegu01,First Team All-Star,1975,NHL,,RW
laflegu01,First Team All-Star,1976,NHL,,RW
laflegu01,First Team All-Star,1977,NHL,,RW
laflegu01,First Team All-Star,1978,NHL,,RW
laflegu01,First Team All-Star,1979,NHL,,RW
laflegu01,Hart,1976,NHL,,
laflegu01,Hart,1977,NHL,,
laflegu01,Pearson,1975,NHL,,
laflegu01,Pearson,1976,NHL,,
laflegu01,Pearson,1977,NHL,,
lafonpa01,Masterton,1994,NHL,,
lafonpa01,Second Team All-Star,1992,NHL,,C
lalimpa01,All-Rookie,1996,NHL,,G
lalonne01,Art Ross,1920,NHL,,
landega01,All-Rookie,2011,NHL,,F
landega01,Calder,2011,NHL,,
langeda01,Second Team All-Star,1978,WHA,,D
langwro01,First Team All-Star,1982,NHL,,D
langwro01,First Team All-Star,1983,NHL,,D
langwro01,Norris,1982,NHL,,
langwro01,Norris,1983,NHL,,
langwro01,Second Team All-Star,1984,NHL,,D
laperia01,Masterton,2010,NHL,,
laperja01,Calder,1963,NHL,,
laperja01,First Team All-Star,1964,NHL,,D
laperja01,First Team All-Star,1965,NHL,,D
laperja01,Norris,1965,NHL,,
laperja01,Second Team All-Star,1963,NHL,,D
laperja01,Second Team All-Star,1969,NHL,,D
lapoigu01,First Team All-Star,1972,NHL,,D
lapoigu01,Second Team All-Star,1974,NHL,,D
lapoigu01,Second Team All-Star,1975,NHL,,D
lapoigu01,Second Team All-Star,1976,NHL,,D
lapraed01,Calder,1945,NHL,,
lapraed01,Lady Byng,1949,NHL,,
larmest01,All-Rookie,1982,NHL,,RW
larmest01,Calder,1982,NHL,,
larocmi01,Vezina,1976,NHL,shared,
larocmi01,Vezina,1977,NHL,shared,
larocmi01,Vezina,1978,NHL,shared,
larocmi01,Vezina,1980,NHL,shared,
lawsoda01,First Team All-Star,1972,WHA,,RW
leachre01,Conn Smythe,1975,NHL,,
leachre01,Second Team All-Star,1975,NHL,,RW
lecavvi01,King Clancy,2007,NHL,,
lecavvi01,Richard,2006,NHL,,
lecavvi01,Second Team All-Star,2006,NHL,,C
leclajo01,First Team All-Star,1994,NHL,,LW
leclajo01,First Team All-Star,1997,NHL,,LW
leclajo01,Plus-Minus,1996,NHL,,
leclajo01,Plus-Minus,1998,NHL,,
leclajo01,Second Team All-Star,1995,NHL,,LW
leclajo01,Second Team All-Star,1996,NHL,,LW
leclajo01,Second Team All-Star,1998,NHL,,LW
leducri01,Second Team All-Star,1976,WHA,,C
leetcbr01,All-Rookie,1988,NHL,,D
leetcbr01,Calder,1988,NHL,,
leetcbr01,Conn Smythe,1993,NHL,,
leetcbr01,First Team All-Star,1991,NHL,,D
leetcbr01,First Team All-Star,1996,NHL,,D
leetcbr01,Norris,1991,NHL,,
leetcbr01,Norris,1996,NHL,,
leetcbr01,Second Team All-Star,1990,NHL,,D
leetcbr01,Second Team All-Star,1993,NHL,,D
leetcbr01,Second Team All-Star,1995,NHL,,D
lehtije01,Selke,1997,NHL,,
lehtije01,Selke,1998,NHL,,
lehtije01,Selke,2002,NHL,,
lemelre01,Jennings,1989,NHL,shared,
lemiecl01,Conn Smythe,1994,NHL,,
lemiema01,All-Rookie,1984,NHL,,C
lemiema01,Art Ross,1987,NHL,,
lemiema01,Art Ross,1988,NHL,,
lemiema01,Art Ross,1991,NHL,,
lemiema01,Art Ross,1992,NHL,,
lemiema01,Art Ross,1995,NHL,,
lemiema01,Art Ross,1996,NHL,,
lemiema01,Calder,1984,NHL,,
lemiema01,Conn Smythe,1990,NHL,,
lemiema01,Conn Smythe,1991,NHL,,
lemiema01,First Team All-Star,1987,NHL,,C
lemiema01,First Team All-Star,1988,NHL,,C
lemiema01,First Team All-Star,1992,NHL,,C
lemiema01,First Team All-Star,1995,NHL,,C
lemiema01,First Team All-Star,1996,NHL,,C
lemiema01,Hart,1987,NHL,,
lemiema01,Hart,1992,NHL,,
lemiema01,Hart,1995,NHL,,
lemiema01,Masterton,1992,NHL,,
lemiema01,Pearson,1985,NHL,,
lemiema01,Pearson,1987,NHL,,
lemiema01,Pearson,1992,NHL,,
lemiema01,Pearson,1995,NHL,,
lemiema01,Plus-Minus,1992,NHL,,
lemiema01,Second Team All-Star,1985,NHL,,C
lemiema01,Second Team All-Star,1986,NHL,,C
lemiema01,Second Team All-Star,1991,NHL,,C
lemiema01,Second Team All-Star,2000,NHL,,C
lessama01,Second Team All-Star,1980,NHL,,G
leswito01,Second Team All-Star,1949,NHL,,LW
lewicda01,Second Team All-Star,1954,NHL,,LW
leyri01,First Team All-Star,1978,WHA,,D
leyri01,Murphy,1978,WHA,Best Defenceman,
leyri01,Second Team All-Star,1977,WHA,,D
lidstni01,All-Rookie,1991,NHL,,D
lidstni01,Conn Smythe,2001,NHL,,
lidstni01,First Team All-Star,1997,NHL,,D
lidstni01,First Team All-Star,1998,NHL,,D
lidstni01,First Team All-Star,1999,NHL,,D
lidstni01,First Team All-Star,2000,NHL,,D
lidstni01,First Team All-Star,2001,NHL,,D
lidstni01,First Team All-Star,2002,NHL,,D
lidstni01,First Team All-Star,2005,NHL,,D
lidstni01,First Team All-Star,2006,NHL,,D
lidstni01,First Team All-Star,2007,NHL,,D
lidstni01,First Team All-Star,2010,NHL,,D
lidstni01,Norris,2000,NHL,,
lidstni01,Norris,2001,NHL,,
lidstni01,Norris,2002,NHL,,
lidstni01,Norris,2005,NHL,,
lidstni01,Norris,2006,NHL,,
lidstni01,Norris,2007,NHL,,
lidstni01,Norris,2010,NHL,,
lidstni01,Second Team All-Star,2008,NHL,,D
lidstni01,Second Team All-Star,2009,NHL,,D
lilesjo01,All-Rookie,2003,NHL,,D
lindbpe01,All-Rookie,1982,NHL,,G
lindbpe01,First Team All-Star,1984,NHL,,G
lindbpe01,Vezina,1984,NHL,,
lindetr01,All-Rookie,1988,NHL,,C
lindetr01,King Clancy,1996,NHL,,
lindrer01,All-Rookie,1992,NHL,,C
lindrer01,First Team All-Star,1994,NHL,,C
lindrer01,Hart,1994,NHL,,
lindrer01,Pearson,1994,NHL,,
lindrer01,Second Team All-Star,1995,NHL,,C
lindste01,Art Ross,1949,NHL,,
lindste01,First Team All-Star,1947,NHL,,LW
lindste01,First Team All-Star,1949,NHL,,LW
lindste01,First Team All-Star,1950,NHL,,LW
lindste01,First Team All-Star,1951,NHL,,LW
lindste01,First Team All-Star,1952,NHL,,LW
lindste01,First Team All-Star,1953,NHL,,LW
lindste01,First Team All-Star,1955,NHL,,LW
lindste01,First Team All-Star,1956,NHL,,LW
lindste01,Second Team All-Star,1948,NHL,,LW
litzeed01,Calder,1954,NHL,,
litzeed01,Second Team All-Star,1956,NHL,,C
liutmi01,First Team All-Star,1980,NHL,,G
liutmi01,Pearson,1980,NHL,,
liutmi01,Second Team All-Star,1986,NHL,,G
longba01,Second Team All-Star,1974,WHA,,D
longba01,Second Team All-Star,1977,WHA,,D
loobha01,All-Rookie,1983,NHL,,RW
loobha01,First Team All-Star,1987,NHL,,RW
loweke01,King Clancy,1989,NHL,,
lucedo01,Masterton,1974,NHL,,
lukowmo01,Second Team All-Star,1978,WHA,,LW
lumleha01,First Team All-Star,1953,NHL,,G
lumleha01,First Team All-Star,1954,NHL,,G
lumleha01,Vezina,1953,NHL,,
lundpe01,Calder,1948,NHL,,
lundqhe01,All-Rookie,2005,NHL,,G
lundqhe01,First Team All-Star,2011,NHL,,G
lundqhe01,Vezina,2011,NHL,,
luongro01,Jennings,2010,NHL,shared,
luongro01,Second Team All-Star,2003,NHL,,G
luongro01,Second Team All-Star,2006,NHL,,G
lylege01,Kaplan,1976,WHA,Rookie,
macadal01,Masterton,1979,NHL,,
macdobl01,Second Team All-Star,1978,WHA,,RW
macdoki01,Calder,1939,NHL,,
macdolo01,Masterton,1972,NHL,,
macinal01,Conn Smythe,1988,NHL,,
macinal01,First Team All-Star,1989,NHL,,D
macinal01,First Team All-Star,1990,NHL,,D
macinal01,First Team All-Star,1998,NHL,,D
macinal01,First Team All-Star,2002,NHL,,D
macinal01,Norris,1998,NHL,,
macinal01,Second Team All-Star,1986,NHL,,D
macinal01,Second Team All-Star,1988,NHL,,D
macinal01,Second Team All-Star,1993,NHL,,D
mackefl01,First Team All-Star,1952,NHL,,C
macmibo01,Lady Byng,1978,NHL,,
macouja01,All-Rookie,1983,NHL,,D
maddejo01,Selke,2000,NHL,,
mahovfr01,Calder,1957,NHL,,
mahovfr01,First Team All-Star,1960,NHL,,LW
mahovfr01,First Team All-Star,1962,NHL,,LW
mahovfr01,First Team All-Star,1972,NHL,,LW
mahovfr01,Second Team All-Star,1961,NHL,,LW
mahovfr01,Second Team All-Star,1963,NHL,,LW
mahovfr01,Second Team All-Star,1964,NHL,,LW
mahovfr01,Second Team All-Star,1965,NHL,,LW
mahovfr01,Second Team All-Star,1968,NHL,,LW
mahovfr01,Second Team All-Star,1969,NHL,,LW
makarse01,All-Rookie,1989,NHL,,RW
makarse01,Calder,1989,NHL,,
malakvl01,All-Rookie,1992,NHL,,D
malikma01,Plus-Minus,2003,NHL,tie,
malkiev01,All-Rookie,2006,NHL,,F
malkiev01,Art Ross,2008,NHL,,
malkiev01,Art Ross,2011,NHL,,
malkiev01,Calder,2006,NHL,,
malkiev01,Conn Smythe,2008,NHL,,
malkiev01,First Team All-Star,2007,NHL,,C
malkiev01,First Team All-Star,2008,NHL,,C
malkiev01,First Team All-Star,2011,NHL,,C
malkiev01,Hart,2011,NHL,,
malkiev01,Lindsay,2011,NHL,,
malonjo01,Art Ross,1917,NHL,,
malonjo01,Art Ross,1919,NHL,,
malonry01,All-Rookie,2003,NHL,,F
manthsy01,Second Team All-Star,1930,NHL,,D
manthsy01,Second Team All-Star,1931,NHL,,D
marshdo01,Second Team All-Star,1966,NHL,,LW
martipi01,Masterton,1969,NHL,,
martiri01,First Team All-Star,1973,NHL,,LW
martiri01,First Team All-Star,1974,NHL,,LW
martiri01,Second Team All-Star,1975,NHL,,LW
martiri01,Second Team All-Star,1976,NHL,,LW
masonst01,All-Rookie,2008,NHL,,G
masonst01,Calder,2008,NHL,,
masonst01,Second Team All-Star,2008,NHL,,G
mccabbr01,Second Team All-Star,2003,NHL,,D
mccoofr01,Calder,1944,NHL,,
mccribr01,Plus-Minus,1987,NHL,,
mccribr01,Second Team All-Star,1987,NHL,,D
mcdonbu01,Second Team All-Star,1941,NHL,,D
mcdonla01,King Clancy,1987,NHL,,
mcdonla01,Masterton,1982,NHL,,
mcdonla01,Second Team All-Star,1976,NHL,,RW
mcdonla01,Second Team All-Star,1982,NHL,,RW
mcfadji01,Calder,1947,NHL,,
mckendo01,Lady Byng,1959,NHL,,
mckenjo01,Second Team All-Star,1969,NHL,,RW
mclarky01,All-Rookie,1995,NHL,,D
mcleaki01,Second Team All-Star,1991,NHL,,G
mclenja01,Masterton,1997,NHL,,
mcleodo01,First Team All-Star,1973,WHA,,G
mcleodo01,Hatskin,1973,WHA,Best Goaltender,
mcneige01,Second Team All-Star,1952,NHL,,G
mcsorma01,Plus-Minus,1990,NHL,tie,
meaghri01,Selke,1989,NHL,,
meekeho01,Calder,1946,NHL,,
melanro01,Jennings,1982,NHL,shared,
melanro01,Second Team All-Star,1982,NHL,,G
messima01,Conn Smythe,1983,NHL,,
messima01,First Team All-Star,1981,NHL,,LW
messima01,First Team All-Star,1982,NHL,,LW
messima01,First Team All-Star,1989,NHL,,C
messima01,First Team All-Star,1991,NHL,,C
messima01,Hart,1989,NHL,,
messima01,Hart,1991,NHL,,
messima01,Pearson,1989,NHL,,
messima01,Pearson,1991,NHL,,
messima01,Second Team All-Star,1983,NHL,,LW
meszaan01,All-Rookie,2005,NHL,,D
middlri01,Lady Byng,1981,NHL,,
middlri01,Second Team All-Star,1981,NHL,,RW
mikitst01,Art Ross,1963,NHL,,
mikitst01,Art Ross,1964,NHL,,
mikitst01,Art Ross,1966,NHL,,
mikitst01,Art Ross,1967,NHL,,
mikitst01,First Team All-Star,1961,NHL,,C
mikitst01,First Team All-Star,1962,NHL,,C
mikitst01,First Team All-Star,1963,NHL,,C
mikitst01,First Team All-Star,1965,NHL,,C
mikitst01,First Team All-Star,1966,NHL,,C
mikitst01,First Team All-Star,1967,NHL,,C
mikitst01,Hart,1966,NHL,,
mikitst01,Hart,1967,NHL,,
mikitst01,Lady Byng,1966,NHL,,
mikitst01,Lady Byng,1967,NHL,,
mikitst01,Second Team All-Star,1964,NHL,,C
mikitst01,Second Team All-Star,1969,NHL,,C
millery01,First Team All-Star,2009,NHL,,G
millery01,Vezina,2009,NHL,,
mironbo01,All-Rookie,1993,NHL,,D
modanmi01,All-Rookie,1989,NHL,,C
modanmi01,Second Team All-Star,1999,NHL,,C
mogilal01,Lady Byng,2002,NHL,,
mogilal01,Second Team All-Star,1992,NHL,,RW
mogilal01,Second Team All-Star,1995,NHL,,RW
moogan01,Jennings,1989,NHL,shared,
mooredi01,Art Ross,1957,NHL,,
mooredi01,Art Ross,1958,NHL,,
mooredi01,First Team All-Star,1957,NHL,,LW
mooredi01,First Team All-Star,1958,NHL,,LW
mooredi01,Second Team All-Star,1960,NHL,,LW
moreaet01,King Clancy,2008,NHL,,
morenho01,Art Ross,1927,NHL,,
morenho01,Art Ross,1930,NHL,,
morenho01,First Team All-Star,1930,NHL,,C
morenho01,First Team All-Star,1931,NHL,,C
morenho01,Hart,1927,NHL,,
morenho01,Hart,1930,NHL,,
morenho01,Hart,1931,NHL,,
morenho01,Second Team All-Star,1932,NHL,,C
morride01,All-Rookie,1997,NHL,,D
morrike01,First Team All-Star,1974,WHA,,D
morrike01,Second Team All-Star,1975,WHA,,D
mortsgu01,First Team All-Star,1949,NHL,,D
mosdeke01,First Team All-Star,1953,NHL,,C
mosdeke01,Second Team All-Star,1954,NHL,,C
mosiebi01,Lady Byng,1944,NHL,,
mosiebi01,Second Team All-Star,1944,NHL,,RW
mosiebi01,Second Team All-Star,1945,NHL,,RW
mowerjo01,First Team All-Star,1942,NHL,,G
mowerjo01,Vezina,1942,NHL,,
mullejo01,First Team All-Star,1988,NHL,,RW
mullejo01,Lady Byng,1986,NHL,,
mullejo01,Lady Byng,1988,NHL,,
mullejo01,Plus-Minus,1988,NHL,,
murphla01,Second Team All-Star,1986,NHL,,D
murphla01,Second Team All-Star,1992,NHL,,D
murphla01,Second Team All-Star,1994,NHL,,D
murratr01,Selke,1985,NHL,,
murzyda01,All-Rookie,1985,NHL,,D
myersty01,All-Rookie,2009,NHL,,D
myersty01,Calder,2009,NHL,,
nabokev01,All-Rookie,2000,NHL,,G
nabokev01,Calder,2000,NHL,,
nabokev01,First Team All-Star,2007,NHL,,G
napiema01,Kaplan,1975,WHA,Rookie,
nashri01,All-Rookie,2002,NHL,,F
nashri01,Richard,2003,NHL,shared,
nasluma01,All-Rookie,1982,NHL,,LW
nasluma01,Lady Byng,1987,NHL,,
nasluma01,Second Team All-Star,1985,NHL,,LW
nasluma02,First Team All-Star,2001,NHL,,LW
nasluma02,First Team All-Star,2002,NHL,,LW
nasluma02,First Team All-Star,2003,NHL,,LW
nasluma02,Pearson,2002,NHL,,
nealja01,First Team All-Star,2011,NHL,,RW
nedomva01,Deneau,1975,WHA,Most Gentlemanly,
neelyca01,Masterton,1993,NHL,,
neelyca01,Second Team All-Star,1987,NHL,,RW
neelyca01,Second Team All-Star,1989,NHL,,RW
neelyca01,Second Team All-Star,1990,NHL,,RW
neelyca01,Second Team All-Star,1993,NHL,,RW
neilsji01,Second Team All-Star,1967,NHL,,D
niedesc01,All-Rookie,1992,NHL,,D
niedesc01,Conn Smythe,2006,NHL,,
niedesc01,First Team All-Star,2003,NHL,,D
niedesc01,First Team All-Star,2005,NHL,,D
niedesc01,First Team All-Star,2006,NHL,,D
niedesc01,Norris,2003,NHL,,
niedesc01,Second Team All-Star,1997,NHL,,D
nieuwjo01,All-Rookie,1987,NHL,,C
nieuwjo01,Calder,1987,NHL,,
nieuwjo01,Conn Smythe,1998,NHL,,
nieuwjo01,King Clancy,1994,NHL,,
nighbfr01,Hart,1923,NHL,,
nighbfr01,Lady Byng,1924,NHL,,
nighbfr01,Lady Byng,1925,NHL,,
niinija01,All-Rookie,1996,NHL,,D
nilsske01,Deneau,1978,WHA,Most Gentlemanly,
nilsske01,Kaplan,1977,WHA,Rookie,
nilssul01,First Team All-Star,1975,WHA,,C
nilssul01,First Team All-Star,1977,WHA,,C
nilssul01,Playoff MVP,1975,WHA,,
northba01,First Team All-Star,1932,NHL,,LW
nugenry01,All-Rookie,2011,NHL,,F
oatesad01,Second Team All-Star,1990,NHL,,C
oconnbu01,Hart,1947,NHL,,
oconnbu01,Lady Byng,1947,NHL,,
oconnbu01,Second Team All-Star,1947,NHL,,C
ogrodjo01,First Team All-Star,1984,NHL,,LW
ohlunma01,All-Rookie,1997,NHL,,D
olmstbe01,Second Team All-Star,1952,NHL,,LW
olmstbe01,Second Team All-Star,1955,NHL,,LW
orrbo01,Art Ross,1969,NHL,,
orrbo01,Art Ross,1974,NHL,,
orrbo01,Calder,1966,NHL,,
orrbo01,Conn Smythe,1969,NHL,,
orrbo01,Conn Smythe,1971,NHL,,
orrbo01,First Team All-Star,1967,NHL,,D
orrbo01,First Team All-Star,1968,NHL,,D
orrbo01,First Team All-Star,1969,NHL,,D
orrbo01,First Team All-Star,1970,NHL,,D
orrbo01,First Team All-Star,1971,NHL,,D
orrbo01,First Team All-Star,1972,NHL,,D
orrbo01,First Team All-Star,1973,NHL,,D
orrbo01,First Team All-Star,1974,NHL,,D
orrbo01,Hart,1969,NHL,,
orrbo01,Hart,1970,NHL,,
orrbo01,Hart,1971,NHL,,
orrbo01,Norris,1967,NHL,,
orrbo01,Norris,1968,NHL,,
orrbo01,Norris,1969,NHL,,
orrbo01,Norris,1970,NHL,,
orrbo01,Norris,1971,NHL,,
orrbo01,Norris,1972,NHL,,
orrbo01,Norris,1973,NHL,,
orrbo01,Norris,1974,NHL,,
orrbo01,Pearson,1974,NHL,,
orrbo01,Second Team All-Star,1966,NHL,,D
osgooch01,Jennings,1995,NHL,shared,
osgooch01,Jennings,2007,NHL,shared,
osgooch01,Second Team All-Star,1995,NHL,,G
ovechal01,All-Rookie,2005,NHL,,F
ovechal01,Art Ross,2007,NHL,,
ovechal01,Calder,2005,NHL,,
ovechal01,First Team All-Star,2005,NHL,,LW
ovechal01,First Team All-Star,2006,NHL,,LW
ovechal01,First Team All-Star,2007,NHL,,LW
ovechal01,First Team All-Star,2008,NHL,,LW
ovechal01,First Team All-Star,2009,NHL,,LW
ovechal01,Hart,2007,NHL,,
ovechal01,Hart,2008,NHL,,
ovechal01,Lindsay,2009,NHL,,
ovechal01,Pearson,2007,NHL,,
ovechal01,Pearson,2008,NHL,,
ovechal01,Richard,2007,NHL,,
ovechal01,Richard,2008,NHL,,
ovechal01,Second Team All-Star,2010,NHL,,LW
ozolisa01,First Team All-Star,1996,NHL,,D
pacioma01,Masterton,2011,NHL,,
pangda01,All-Rookie,1987,NHL,,G
parenbe01,Conn Smythe,1973,NHL,,
parenbe01,Conn Smythe,1974,NHL,,
parenbe01,First Team All-Star,1973,NHL,,G
parenbe01,First Team All-Star,1974,NHL,,G
parenbe01,Second Team All-Star,1972,WHA,,G
parenbe01,Vezina,1973,NHL,tie,
parenbe01,Vezina,1974,NHL,,
parisza01,Second Team All-Star,2008,NHL,,LW
parkbr01,First Team All-Star,1969,NHL,,D
parkbr01,First Team All-Star,1971,NHL,,D
parkbr01,First Team All-Star,1973,NHL,,D
parkbr01,First Team All-Star,1975,NHL,,D
parkbr01,First Team All-Star,1977,NHL,,D
parkbr01,Masterton,1983,NHL,,
parkbr01,Second Team All-Star,1970,NHL,,D
parkbr01,Second Team All-Star,1972,NHL,,D
patrily01,First Team All-Star,1941,NHL,,LW
patrily01,Second Team All-Star,1942,NHL,,LW
pecami01,Selke,1996,NHL,,
pecami01,Selke,2001,NHL,,
peetepe01,First Team All-Star,1982,NHL,,G
peetepe01,Vezina,1982,NHL,,
pennest01,All-Rookie,1984,NHL,,G
perregi01,Calder,1970,NHL,,
perregi01,Lady Byng,1972,NHL,,
perregi01,Second Team All-Star,1975,NHL,,C
perregi01,Second Team All-Star,1976,NHL,,C
perryco01,First Team All-Star,2010,NHL,,RW
perryco01,Hart,2010,NHL,,
perryco01,Richard,2010,NHL,,
petrool01,All-Rookie,1993,NHL,,W
phanedi01,All-Rookie,2005,NHL,,D
phanedi01,First Team All-Star,2007,NHL,,D
pietral01,Second Team All-Star,2011,NHL,,D
pilotpi01,First Team All-Star,1962,NHL,,D
pilotpi01,First Team All-Star,1963,NHL,,D
pilotpi01,First Team All-Star,1964,NHL,,D
pilotpi01,First Team All-Star,1965,NHL,,D
pilotpi01,First Team All-Star,1966,NHL,,D
pilotpi01,Norris,1962,NHL,,
pilotpi01,Norris,1963,NHL,,
pilotpi01,Norris,1964,NHL,,
pilotpi01,Second Team All-Star,1959,NHL,,D
pilotpi01,Second Team All-Star,1960,NHL,,D
pilotpi01,Second Team All-Star,1961,NHL,,D
pitkajo01,All-Rookie,2003,NHL,,D
plantja01,First Team All-Star,1955,NHL,,G
plantja01,First Team All-Star,1958,NHL,,G
plantja01,First Team All-Star,1961,NHL,,G
plantja01,Hart,1961,NHL,,
plantja01,Second Team All-Star,1956,NHL,,G
plantja01,Second Team All-Star,1957,NHL,,G
plantja01,Second Team All-Star,1959,NHL,,G
plantja01,Second Team All-Star,1970,NHL,,G
plantja01,Vezina,1955,NHL,,
plantja01,Vezina,1956,NHL,,
plantja01,Vezina,1957,NHL,,
plantja01,Vezina,1958,NHL,,
plantja01,Vezina,1959,NHL,,
plantja01,Vezina,1961,NHL,,
plantja01,Vezina,1968,NHL,shared,
plettwi01,Calder,1976,NHL,,
plumbro01,First Team All-Star,1976,WHA,,D
plumbro01,Murphy,1976,WHA,Best Defenceman,
podeish01,King Clancy,2000,NHL,,
poilebu01,Second Team All-Star,1947,NHL,,RW
popiepo01,First Team All-Star,1976,WHA,,D
popiepo01,Second Team All-Star,1974,WHA,,D
potito01,All-Rookie,1998,NHL,,D
potvide01,Calder,1973,NHL,,
potvide01,First Team All-Star,1974,NHL,,D
potvide01,First Team All-Star,1975,NHL,,D
potvide01,First Team All-Star,1977,NHL,,D
potvide01,First Team All-Star,1978,NHL,,D
potvide01,First Team All-Star,1980,NHL,,D
potvide01,Norris,1975,NHL,,
potvide01,Norris,1977,NHL,,
potvide01,Norris,1978,NHL,,
potvide01,Second Team All-Star,1976,NHL,,D
potvide01,Second Team All-Star,1983,NHL,,D
potvife01,All-Rookie,1992,NHL,,G
poulida02,King Clancy,1992,NHL,,
poulida02,Selke,1986,NHL,,
prattba01,First Team All-Star,1943,NHL,,D
prattba01,Hart,1943,NHL,,
prattba01,Second Team All-Star,1944,NHL,,D
prentde01,Second Team All-Star,1959,NHL,,LW
prestri01,Playoff MVP,1978,WHA,,
priceca01,All-Rookie,2007,NHL,,G
primejo01,Lady Byng,1931,NHL,,
primejo01,Second Team All-Star,1933,NHL,,C
prongch01,All-Rookie,1993,NHL,,D
prongch01,First Team All-Star,1999,NHL,,D
prongch01,Hart,1999,NHL,,
prongch01,Norris,1999,NHL,,
prongch01,Plus-Minus,1997,NHL,,
prongch01,Plus-Minus,1999,NHL,,
prongch01,Second Team All-Star,1997,NHL,,D
prongch01,Second Team All-Star,2003,NHL,,D
prongch01,Second Team All-Star,2006,NHL,,D
pronoma01,First Team All-Star,1959,NHL,,D
pronoma01,First Team All-Star,1960,NHL,,D
pronoma01,Second Team All-Star,1957,NHL,,D
pronoma01,Second Team All-Star,1958,NHL,,D
provocl01,First Team All-Star,1964,NHL,,RW
provocl01,Masterton,1967,NHL,,
puppada01,Second Team All-Star,1989,NHL,,G
quackbi01,First Team All-Star,1947,NHL,,D
quackbi01,First Team All-Star,1948,NHL,,D
quackbi01,First Team All-Star,1950,NHL,,D
quackbi01,Lady Byng,1948,NHL,,
quackbi01,Second Team All-Star,1946,NHL,,D
quackbi01,Second Team All-Star,1952,NHL,,D
quickjo01,Conn Smythe,2011,NHL,,
quickjo01,Second Team All-Star,2011,NHL,,G
quiltjo01,Calder,1940,NHL,,
rafalbr01,All-Rookie,1999,NHL,,D
ramagro01,First Team All-Star,1978,WHA,,D
ramsacr01,Selke,1984,NHL,,
ranfobi01,Conn Smythe,1989,NHL,,
rasktu01,Crozier,2009,NHL,,
ratelje01,Lady Byng,1971,NHL,,
ratelje01,Lady Byng,1975,NHL,,
ratelje01,Masterton,1970,NHL,,
ratelje01,Pearson,1971,NHL,,
ratelje01,Second Team All-Star,1971,NHL,,C
raycran01,All-Rookie,2003,NHL,,G
raycran01,Calder,2003,NHL,,
raynech01,Hart,1949,NHL,,
raynech01,Second Team All-Star,1948,NHL,,G
raynech01,Second Team All-Star,1949,NHL,,G
raynech01,Second Team All-Star,1950,NHL,,G
rayro01,King Clancy,1998,NHL,,
reardke01,First Team All-Star,1946,NHL,,D
reardke01,First Team All-Star,1949,NHL,,D
reardke01,Second Team All-Star,1945,NHL,,D
reardke01,Second Team All-Star,1947,NHL,,D
reardke01,Second Team All-Star,1948,NHL,,D
recchma01,Second Team All-Star,1991,NHL,,RW
reddewa01,Plus-Minus,2005,NHL,tie,
redmomi01,First Team All-Star,1972,NHL,,RW
redmomi01,Second Team All-Star,1973,NHL,,RW
reganla01,Calder,1956,NHL,,
reibedu01,Lady Byng,1955,NHL,,
reisele02,Second Team All-Star,1949,NHL,,D
reisele02,Second Team All-Star,1950,NHL,,D
renbemi01,All-Rookie,1993,NHL,,W
reschgl01,Masterton,1981,NHL,,
reschgl01,Second Team All-Star,1975,NHL,,G
reschgl01,Second Team All-Star,1978,NHL,,G
richabr01,All-Rookie,2000,NHL,,F
richabr01,Conn Smythe,2003,NHL,,
richabr01,Lady Byng,2003,NHL,,
richahe01,First Team All-Star,1957,NHL,,C
richahe01,Masterton,1973,NHL,,
richahe01,Second Team All-Star,1958,NHL,,C
richahe01,Second Team All-Star,1960,NHL,,C
richahe01,Second Team All-Star,1962,NHL,,C
richama01,First Team All-Star,1944,NHL,,RW
richama01,First Team All-Star,1945,NHL,,RW
richama01,First Team All-Star,1946,NHL,,RW
richama01,First Team All-Star,1947,NHL,,RW
richama01,First Team All-Star,1948,NHL,,RW
richama01,First Team All-Star,1949,NHL,,RW
richama01,First Team All-Star,1954,NHL,,RW
richama01,First Team All-Star,1955,NHL,,RW
richama01,Hart,1946,NHL,,
richama01,Second Team All-Star,1943,NHL,,RW
richama01,Second Team All-Star,1950,NHL,,RW
richama01,Second Team All-Star,1951,NHL,,RW
richama01,Second Team All-Star,1952,NHL,,RW
richama01,Second Team All-Star,1953,NHL,,RW
richama01,Second Team All-Star,1956,NHL,,RW
ridlemi01,All-Rookie,1985,NHL,,C
riggipa01,Jennings,1983,NHL,shared,
riggipa01,Second Team All-Star,1983,NHL,,G
rinnepe01,Second Team All-Star,2010,NHL,,G
roachjo01,First Team All-Star,1932,NHL,,G
roberga01,Masterton,1995,NHL,,
roberre01,Second Team All-Star,1974,NHL,,RW
robinea01,Second Team All-Star,1938,NHL,,G
robinla01,Conn Smythe,1977,NHL,,
robinla01,First Team All-Star,1976,NHL,,D
robinla01,First Team All-Star,1978,NHL,,D
robinla01,First Team All-Star,1979,NHL,,D
robinla01,Norris,1976,NHL,,
robinla01,Norris,1979,NHL,,
robinla01,Second Team All-Star,1977,NHL,,D
robinla01,Second Team All-Star,1980,NHL,,D
robinla01,Second Team All-Star,1985,NHL,,D
robitlu01,All-Rookie,1986,NHL,,LW
robitlu01,Calder,1986,NHL,,
robitlu01,First Team All-Star,1987,NHL,,LW
robitlu01,First Team All-Star,1988,NHL,,LW
robitlu01,First Team All-Star,1989,NHL,,LW
robitlu01,First Team All-Star,1990,NHL,,LW
robitlu01,First Team All-Star,1992,NHL,,LW
robitlu01,Second Team All-Star,1986,NHL,,LW
robitlu01,Second Team All-Star,1991,NHL,,LW
robitlu01,Second Team All-Star,2000,NHL,,LW
rogermi01,Deneau,1974,WHA,Most Gentlemanly,
rollial01,Hart,1953,NHL,,
rollial01,Vezina,1950,NHL,,
rolosdw01,Crozier,2003,NHL,,
romnedo01,Lady Byng,1935,NHL,,
roussbo01,Calder,1961,NHL,,
roussbo01,Second Team All-Star,1965,NHL,,RW
roypa01,All-Rookie,1985,NHL,,G
roypa01,Conn Smythe,1985,NHL,,
roypa01,Conn Smythe,1992,NHL,,
roypa01,Conn Smythe,2000,NHL,,
roypa01,First Team All-Star,1988,NHL,,G
roypa01,First Team All-Star,1989,NHL,,G
roypa01,First Team All-Star,1991,NHL,,G
roypa01,First Team All-Star,2001,NHL,,G
roypa01,Jennings,1986,NHL,shared,
roypa01,Jennings,1987,NHL,shared,
roypa01,Jennings,1988,NHL,shared,
roypa01,Jennings,1991,NHL,,
roypa01,Jennings,2001,NHL,,
roypa01,Second Team All-Star,1987,NHL,,G
roypa01,Second Team All-Star,1990,NHL,,G
roypa01,Vezina,1988,NHL,,
roypa01,Vezina,1989,NHL,,
roypa01,Vezina,1991,NHL,,
rozsimi01,Plus-Minus,2005,NHL,tie,
ryanbo01,All-Rookie,2008,NHL,,F
rydermi01,All-Rookie,2003,NHL,,F
sakicjo01,Conn Smythe,1995,NHL,,
sakicjo01,First Team All-Star,2000,NHL,,C
sakicjo01,First Team All-Star,2001,NHL,,C
sakicjo01,First Team All-Star,2003,NHL,,C
sakicjo01,Hart,2000,NHL,,
sakicjo01,Lady Byng,2000,NHL,,
sakicjo01,Pearson,2000,NHL,,
sakicjo01,Plus-Minus,2000,NHL,tie,
salmibo01,First Team All-Star,1976,NHL,,D
salmibo01,Second Team All-Star,1974,NHL,,D
salmibo01,Second Team All-Star,1975,NHL,,D
salmibo01,Second Team All-Star,1977,NHL,,D
salmibo01,Second Team All-Star,1978,NHL,,D
salmibo01,Second Team All-Star,1979,NHL,,D
salosa01,All-Rookie,1998,NHL,,D
samsose01,All-Rookie,1997,NHL,,F
samsose01,Calder,1997,NHL,,
sandede01,Calder,1967,NHL,,
sandfed01,Second Team All-Star,1953,NHL,,LW
sandlji01,All-Rookie,1986,NHL,,RW
sandsto01,All-Rookie,1984,NHL,,RW
sauvebo01,Jennings,1984,NHL,shared,
sauvebo01,Vezina,1979,NHL,shared,
savarde01,Second Team All-Star,1982,NHL,,C
savarse01,Conn Smythe,1968,NHL,,
savarse01,Masterton,1978,NHL,,
savarse01,Second Team All-Star,1978,NHL,,D
sawchte01,Calder,1950,NHL,,
sawchte01,First Team All-Star,1950,NHL,,G
sawchte01,First Team All-Star,1951,NHL,,G
sawchte01,First Team All-Star,1952,NHL,,G
sawchte01,Second Team All-Star,1953,NHL,,G
sawchte01,Second Team All-Star,1954,NHL,,G
sawchte01,Second Team All-Star,1958,NHL,,G
sawchte01,Second Team All-Star,1962,NHL,,G
sawchte01,Vezina,1951,NHL,,
sawchte01,Vezina,1952,NHL,,
sawchte01,Vezina,1954,NHL,,
sawchte01,Vezina,1964,NHL,shared,
schenlu01,All-Rookie,2008,NHL,,D
schmimi01,Art Ross,1939,NHL,,
schmimi01,First Team All-Star,1939,NHL,,C
schmimi01,First Team All-Star,1946,NHL,,C
schmimi01,First Team All-Star,1950,NHL,,C
schmimi01,Hart,1950,NHL,,
schmimi01,Second Team All-Star,1951,NHL,,C
schneco01,Jennings,2010,NHL,shared,
schoeji01,Second Team All-Star,1979,NHL,,D
schrisw01,Art Ross,1935,NHL,,
schrisw01,Art Ross,1936,NHL,,
schrisw01,Calder,1934,NHL,,
schrisw01,First Team All-Star,1935,NHL,,LW
schrisw01,First Team All-Star,1940,NHL,,LW
schrisw01,Second Team All-Star,1936,NHL,,LW
schulje02,Plus-Minus,2009,NHL,,
sedinda01,Art Ross,2010,NHL,,
sedinda01,First Team All-Star,2010,NHL,,LW
sedinda01,Lindsay,2010,NHL,,
sedinda01,Second Team All-Star,2009,NHL,,LW
sedinhe01,Art Ross,2009,NHL,,
sedinhe01,First Team All-Star,2009,NHL,,C
sedinhe01,First Team All-Star,2010,NHL,,C
sedinhe01,Hart,2009,NHL,,
seibeea01,First Team All-Star,1934,NHL,,D
seibeea01,First Team All-Star,1941,NHL,,D
seibeea01,First Team All-Star,1942,NHL,,D
seibeea01,First Team All-Star,1943,NHL,,D
seibeea01,Second Team All-Star,1935,NHL,,D
seibeea01,Second Team All-Star,1936,NHL,,D
seibeea01,Second Team All-Star,1937,NHL,,D
seibeea01,Second Team All-Star,1938,NHL,,D
seibeea01,Second Team All-Star,1939,NHL,,D
seibeea01,Second Team All-Star,1940,NHL,,D
selante01,All-Rookie,1992,NHL,,RW
selante01,Calder,1992,NHL,,
selante01,First Team All-Star,1992,NHL,,RW
selante01,First Team All-Star,1996,NHL,,RW
selante01,Masterton,2005,NHL,,
selante01,Richard,1998,NHL,,
selante01,Second Team All-Star,1997,NHL,,RW
selante01,Second Team All-Star,1998,NHL,,RW
selbybr01,Calder,1965,NHL,,
sevigri01,Vezina,1980,NHL,shared,
shanabr01,First Team All-Star,1993,NHL,,LW
shanabr01,First Team All-Star,1999,NHL,,LW
shanabr01,King Clancy,2002,NHL,,
shanabr01,Second Team All-Star,2001,NHL,,LW
shawbr01,All-Rookie,1989,NHL,,D
sheppra01,All-Rookie,1987,NHL,,RW
shmyrpa01,First Team All-Star,1972,WHA,,D
shmyrpa01,First Team All-Star,1973,WHA,,D
shmyrpa01,First Team All-Star,1975,WHA,,D
shmyrpa01,Murphy,1975,WHA,Best Defenceman,
shmyrpa01,Second Team All-Star,1978,WHA,,D
shoreed01,First Team All-Star,1930,NHL,,D
shoreed01,First Team All-Star,1931,NHL,,D
shoreed01,First Team All-Star,1932,NHL,,D
shoreed01,First Team All-Star,1934,NHL,,D
shoreed01,First Team All-Star,1935,NHL,,D
shoreed01,First Team All-Star,1937,NHL,,D
shoreed01,First Team All-Star,1938,NHL,,D
shoreed01,Hart,1932,NHL,,
shoreed01,Hart,1934,NHL,,
shoreed01,Hart,1935,NHL,,
shoreed01,Hart,1937,NHL,,
shoreed01,Second Team All-Star,1933,NHL,,D
shuttst01,First Team All-Star,1976,NHL,,LW
shuttst01,Second Team All-Star,1977,NHL,,LW
shuttst01,Second Team All-Star,1979,NHL,,LW
sidorpe01,All-Rookie,1988,NHL,,G
siebeba01,First Team All-Star,1935,NHL,,D
siebeba01,First Team All-Star,1936,NHL,,D
siebeba01,First Team All-Star,1937,NHL,,D
siebeba01,Hart,1936,NHL,,
simmech01,First Team All-Star,1979,NHL,,LW
simmech01,First Team All-Star,1980,NHL,,LW
simmech01,Masterton,1985,NHL,,
sittlda01,Second Team All-Star,1977,NHL,,C
sjobela01,First Team All-Star,1977,WHA,,D
sjobela01,Murphy,1977,WHA,Best Defenceman,
skinnje01,All-Rookie,2010,NHL,,F
skinnje01,Calder,2010,NHL,,
sloanto01,Second Team All-Star,1955,NHL,,C
smithal02,First Team All-Star,1977,WHA,,G
smithal02,Hatskin,1977,WHA,Best Goaltender,
smithbi01,Conn Smythe,1982,NHL,,
smithbi01,First Team All-Star,1981,NHL,,G
smithbi01,Jennings,1982,NHL,shared,
smithbi01,Vezina,1981,NHL,,
smithbo01,Calder,1978,NHL,,
smithcl01,Lady Byng,1938,NHL,,
smithcl01,Lady Byng,1943,NHL,,
smithga01,Vezina,1971,NHL,shared,
smithge01,All-Rookie,1989,NHL,,D
smithho01,First Team All-Star,1935,NHL,,C
smithho01,Second Team All-Star,1931,NHL,,C
smithmi02,All-Rookie,2006,NHL,,G
smithno01,First Team All-Star,1936,NHL,,G
smithno01,Vezina,1936,NHL,,
smithsi01,First Team All-Star,1954,NHL,,LW
smithsi01,Lady Byng,1951,NHL,,
smithsi01,Lady Byng,1954,NHL,,
smithsi01,Second Team All-Star,1950,NHL,,LW
smithsi01,Second Team All-Star,1951,NHL,,LW
staaler01,Second Team All-Star,2005,NHL,,C
staaljo01,All-Rookie,2006,NHL,,F
stamkst01,Richard,2009,NHL,shared,
stamkst01,Richard,2011,NHL,,
stamkst01,Second Team All-Star,2010,NHL,,C
stamkst01,Second Team All-Star,2011,NHL,,C
stanlal01,Second Team All-Star,1959,NHL,,D
stanlal01,Second Team All-Star,1960,NHL,,D
stanlal01,Second Team All-Star,1965,NHL,,D
stanowa01,First Team All-Star,1940,NHL,,D
staplpa01,First Team All-Star,1973,WHA,,D
staplpa01,Murphy,1973,WHA,Best Defenceman,
staplpa01,Second Team All-Star,1965,NHL,,D
staplpa01,Second Team All-Star,1970,NHL,,D
staplpa01,Second Team All-Star,1971,NHL,,D
staplpa01,Second Team All-Star,1975,WHA,,D
staplpa01,Second Team All-Star,1976,WHA,,D
stastpa01,All-Rookie,2006,NHL,,F
stastpe01,Calder,1980,NHL,,
steveke01,First Team All-Star,1991,NHL,,LW
steveke01,Second Team All-Star,1990,NHL,,LW
steveke01,Second Team All-Star,1992,NHL,,LW
stevesc01,All-Rookie,1982,NHL,,D
stevesc01,Conn Smythe,1999,NHL,,
stevesc01,First Team All-Star,1987,NHL,,D
stevesc01,First Team All-Star,1993,NHL,,D
stevesc01,Plus-Minus,1993,NHL,,
stevesc01,Second Team All-Star,1991,NHL,,D
stevesc01,Second Team All-Star,1996,NHL,,D
stevesc01,Second Team All-Star,2000,NHL,,D
stewaga01,Calder,1942,NHL,,
stewaga01,First Team All-Star,1945,NHL,,LW
stewaga01,Second Team All-Star,1947,NHL,,LW
stewaja01,First Team All-Star,1942,NHL,,D
stewaja01,First Team All-Star,1947,NHL,,D
stewaja01,First Team All-Star,1948,NHL,,D
stewaja01,Second Team All-Star,1945,NHL,,D
stewaja01,Second Team All-Star,1946,NHL,,D
stewane01,Art Ross,1925,NHL,,
stewane01,Hart,1925,NHL,,
stewane01,Hart,1929,NHL,,
stlouma01,Art Ross,2003,NHL,,
stlouma01,First Team All-Star,2003,NHL,,RW
stlouma01,Hart,2003,NHL,,
stlouma01,Lady Byng,2009,NHL,,
stlouma01,Lady Byng,2010,NHL,,
stlouma01,Pearson,2003,NHL,,
stlouma01,Plus-Minus,2003,NHL,tie,
stlouma01,Second Team All-Star,2006,NHL,,RW
stlouma01,Second Team All-Star,2009,NHL,,RW
stlouma01,Second Team All-Star,2010,NHL,,RW
storrja01,All-Rookie,1997,NHL,,G
storrja01,All-Rookie,1998,NHL,,G
stuarbr01,All-Rookie,1999,NHL,,D
subbapk01,All-Rookie,2010,NHL,,D
sullist01,Masterton,2008,NHL,,
sundima01,Messier,2007,NHL,,
sundima01,Second Team All-Star,2001,NHL,,C
sundima01,Second Team All-Star,2003,NHL,,C
suterga01,All-Rookie,1985,NHL,,D
suterga01,Calder,1985,NHL,,
suterga01,Second Team All-Star,1987,NHL,,D
sykorpe01,All-Rookie,1995,NHL,,F
talboje01,First Team All-Star,1961,NHL,,D
tardima01,First Team All-Star,1975,WHA,,LW
tardima01,First Team All-Star,1976,WHA,,LW
tardima01,First Team All-Star,1977,WHA,,LW
tardima01,Howe,1975,WHA,MVP,
tardima01,Howe,1977,WHA,MVP,
tardima01,Hunter,1975,WHA,Scoring,
tardima01,Hunter,1977,WHA,Scoring,
tardima01,Second Team All-Star,1974,WHA,,LW
tavarjo01,All-Rookie,2009,NHL,,F
tayloda01,King Clancy,1990,NHL,,
tayloda01,Masterton,1990,NHL,,
tayloda01,Second Team All-Star,1980,NHL,,RW
theodjo01,Crozier,2001,NHL,,
theodjo01,Hart,2001,NHL,,
theodjo01,Masterton,2009,NHL,,
theodjo01,Second Team All-Star,2001,NHL,,G
theodjo01,Vezina,2001,NHL,,
therich01,All-Rookie,1994,NHL,,D
thomati01,Conn Smythe,2010,NHL,,
thomati01,Crozier,2008,NHL,,
thomati01,Crozier,2010,NHL,,
thomati01,First Team All-Star,2008,NHL,,G
thomati01,First Team All-Star,2010,NHL,,G
thomati01,Jennings,2008,NHL,shared,
thomati01,Vezina,2008,NHL,,
thomati01,Vezina,2010,NHL,,
thomppa01,First Team All-Star,1937,NHL,,LW
thomppa01,Second Team All-Star,1935,NHL,,LW
thompti01,First Team All-Star,1935,NHL,,G
thompti01,First Team All-Star,1937,NHL,,G
thompti01,Second Team All-Star,1930,NHL,,G
thompti01,Second Team All-Star,1934,NHL,,G
thompti01,Vezina,1929,NHL,,
thompti01,Vezina,1932,NHL,,
thompti01,Vezina,1935,NHL,,
thompti01,Vezina,1937,NHL,,
thomsbi02,Second Team All-Star,1935,NHL,,C
thomsji01,Second Team All-Star,1950,NHL,,D
thomsji01,Second Team All-Star,1951,NHL,,D
thornjo01,Art Ross,2005,NHL,,
thornjo01,First Team All-Star,2005,NHL,,C
thornjo01,Hart,2005,NHL,,
thornjo01,Second Team All-Star,2002,NHL,,C
thornjo01,Second Team All-Star,2007,NHL,,C
tkachke01,Second Team All-Star,1994,NHL,,LW
tkachke01,Second Team All-Star,1997,NHL,,LW
toddke01,All-Rookie,1991,NHL,,C
toewsjo01,All-Rookie,2007,NHL,,F
toewsjo01,Conn Smythe,2009,NHL,,
toneljo01,Second Team All-Star,1981,NHL,,LW
toneljo01,Second Team All-Star,1984,NHL,,LW
trembjc01,First Team All-Star,1970,NHL,,D
trembjc01,First Team All-Star,1972,WHA,,D
trembjc01,First Team All-Star,1974,WHA,,D
trembjc01,First Team All-Star,1975,WHA,,D
trembjc01,Murphy,1972,WHA,Best Defenceman,
trembjc01,Murphy,1974,WHA,Best Defenceman,
trembjc01,Second Team All-Star,1967,NHL,,D
trembjc01,Second Team All-Star,1973,WHA,,D
trottbr01,Art Ross,1978,NHL,,
trottbr01,Calder,1975,NHL,,
trottbr01,Conn Smythe,1979,NHL,,
trottbr01,First Team All-Star,1977,NHL,,C
trottbr01,First Team All-Star,1978,NHL,,C
trottbr01,Hart,1978,NHL,,
trottbr01,King Clancy,1988,NHL,,
trottbr01,Second Team All-Star,1981,NHL,,C
trottbr01,Second Team All-Star,1983,NHL,,C
turcoma01,Crozier,2000,NHL,,
turcoma01,Crozier,2002,NHL,,
turcoma01,Second Team All-Star,2002,NHL,,G
turekro01,Jennings,1998,NHL,shared,
turekro01,Jennings,1999,NHL,,
turekro01,Second Team All-Star,1999,NHL,,G
turgepi01,Lady Byng,1992,NHL,,
turgesy01,All-Rookie,1983,NHL,,LW
ullmano01,First Team All-Star,1964,NHL,,C
ullmano01,Second Team All-Star,1966,NHL,,C
vachoro01,Second Team All-Star,1974,NHL,,G
vachoro01,Second Team All-Star,1976,NHL,,G
vachoro01,Vezina,1967,NHL,shared,
vailer01,Calder,1974,NHL,,
vanbijo01,First Team All-Star,1985,NHL,,G
vanbijo01,Second Team All-Star,1993,NHL,,G
vanbijo01,Vezina,1985,NHL,,
vanekth01,Plus-Minus,2006,NHL,,
vanekth01,Second Team All-Star,2006,NHL,,LW
vaskomo01,Second Team All-Star,1962,NHL,,D
vaskomo01,Second Team All-Star,1963,NHL,,D
vernomi01,Conn Smythe,1996,NHL,,
vernomi01,Jennings,1995,NHL,shared,
vernomi01,Second Team All-Star,1988,NHL,,G
verstkr01,All-Rookie,2008,NHL,,F
vickest01,Calder,1972,NHL,,
vickest01,Second Team All-Star,1974,NHL,,LW
villegi01,Vezina,1970,NHL,shared,
visnolu01,All-Rookie,2000,NHL,,D
visnolu01,Second Team All-Star,2010,NHL,,D
vlasima01,All-Rookie,2006,NHL,,D
volekda01,All-Rookie,1988,NHL,,LW
vossca01,Calder,1932,NHL,,
wakeler01,Second Team All-Star,1977,WHA,,G
waltomi01,Hunter,1973,WHA,Scoring,
waltomi01,Second Team All-Star,1973,WHA,,RW
wamslri01,Jennings,1981,NHL,shared,
wardca01,Conn Smythe,2005,NHL,,
wardro01,Second Team All-Star,1972,WHA,,C
warwigr01,Calder,1941,NHL,,
watsoph01,Second Team All-Star,1941,NHL,,C
webersh01,First Team All-Star,2010,NHL,,D
webersh01,First Team All-Star,2011,NHL,,D
webstto01,Second Team All-Star,1972,WHA,,RW
weighdo01,King Clancy,2010,NHL,,
weilaco01,Art Ross,1929,NHL,,
weilaco01,Second Team All-Star,1934,NHL,,C
weinrer01,All-Rookie,1990,NHL,,D
wentwcy01,Second Team All-Star,1934,NHL,,D
weslegl01,All-Rookie,1987,NHL,,D
westfed01,Masterton,1976,NHL,,
wharrke01,First Team All-Star,1963,NHL,,RW
wharrke01,First Team All-Star,1966,NHL,,RW
wharrke01,Lady Byng,1963,NHL,,
whitebi01,Second Team All-Star,1971,NHL,,D
whitebi01,Second Team All-Star,1972,NHL,,D
whitebi01,Second Team All-Star,1973,NHL,,D
whiteco01,All-Rookie,2000,NHL,,D
whitnra01,Second Team All-Star,2011,NHL,,LW
willish01,All-Rookie,2000,NHL,,F
wilsodo01,First Team All-Star,1981,NHL,,D
wilsodo01,Norris,1981,NHL,,
wilsodo01,Second Team All-Star,1984,NHL,,D
wilsodo01,Second Team All-Star,1989,NHL,,D
worslgu01,Calder,1952,NHL,,
worslgu01,First Team All-Star,1967,NHL,,G
worslgu01,Second Team All-Star,1965,NHL,,G
worslgu01,Vezina,1965,NHL,shared,
worslgu01,Vezina,1967,NHL,shared,
wortero01,Hart,1928,NHL,,
wortero01,Second Team All-Star,1931,NHL,,G
wortero01,Second Team All-Star,1933,NHL,,G
wortero01,Vezina,1930,NHL,,
yashial01,Second Team All-Star,1998,NHL,,C
yorkmi01,All-Rookie,1999,NHL,,F
youngwa01,All-Rookie,1984,NHL,,LW
ysebapa01,Plus-Minus,1991,NHL,,
yzermst01,All-Rookie,1983,NHL,,C
yzermst01,Conn Smythe,1997,NHL,,
yzermst01,First Team All-Star,1999,NHL,,C
yzermst01,Masterton,2002,NHL,,
yzermst01,Pearson,1988,NHL,,
yzermst01,Selke,1999,NHL,,
zalapza01,All-Rookie,1988,NHL,,D
zettehe01,All-Rookie,2002,NHL,,F
zettehe01,Conn Smythe,2007,NHL,,
zettehe01,Second Team All-Star,2007,NHL,,LW
zhamnal01,Second Team All-Star,1994,NHL,,C
zubovse01,Second Team All-Star,2005,NHL,,D
