coachID,year,tmID,lgID,stint,notes,g,w,l,t,postg,postw,postl,postt
abelsi01c,1952,CHI,NHL,1,,70.0,27.0,28.0,15.0,7,3,4,0
abelsi01c,1953,CHI,NHL,1,,70.0,12.0,51.0,7.0,,,,
abelsi01c,1957,DET,NHL,2,,33.0,16.0,12.0,5.0,4,0,4,0
abelsi01c,1958,DET,NHL,1,,70.0,25.0,37.0,8.0,,,,
abelsi01c,1959,DET,NHL,1,,70.0,26.0,29.0,15.0,6,2,4,0
abelsi01c,1960,DET,NHL,1,,70.0,25.0,29.0,16.0,11,6,5,0
abelsi01c,1961,DET,NHL,1,,70.0,23.0,33.0,14.0,,,,
abelsi01c,1962,DET,NHL,1,,70.0,32.0,25.0,13.0,11,5,6,0
abelsi01c,1963,DET,NHL,1,,70.0,30.0,29.0,11.0,14,7,7,0
abelsi01c,1964,DET,NHL,1,,70.0,40.0,23.0,7.0,7,3,4,0
abelsi01c,1965,DET,NHL,1,,70.0,31.0,27.0,12.0,12,6,6,0
abelsi01c,1966,DET,NHL,1,,70.0,27.0,39.0,4.0,,,,
abelsi01c,1967,DET,NHL,1,,74.0,27.0,35.0,12.0,,,,
abelsi01c,1969,DET,NHL,2,,74.0,38.0,21.0,15.0,4,0,4,0
abelsi01c,1971,STL,NHL,1,,10.0,3.0,6.0,1.0,,,,
abelsi01c,1975,KCS,NHL,2,,3.0,0.0,3.0,0.0,,,,
adamsja01c,1927,DTC,NHL,1,,44.0,19.0,19.0,6.0,,,,
adamsja01c,1928,DTC,NHL,1,,44.0,19.0,16.0,9.0,2,0,2,0
adamsja01c,1929,DTC,NHL,1,,44.0,14.0,24.0,6.0,,,,
adamsja01c,1930,DTF,NHL,1,,44.0,16.0,21.0,7.0,,,,
adamsja01c,1931,DTF,NHL,1,,48.0,18.0,20.0,10.0,2,0,1,1
adamsja01c,1932,DET,NHL,1,,48.0,25.0,15.0,8.0,4,2,2,0
adamsja01c,1933,DET,NHL,1,,48.0,24.0,14.0,10.0,9,4,5,0
adamsja01c,1934,DET,NHL,1,,48.0,19.0,22.0,7.0,,,,
adamsja01c,1935,DET,NHL,1,,48.0,24.0,16.0,8.0,7,6,1,0
adamsja01c,1936,DET,NHL,1,,48.0,25.0,14.0,9.0,10,6,4,0
adamsja01c,1937,DET,NHL,1,,48.0,12.0,25.0,11.0,,,,
adamsja01c,1938,DET,NHL,1,,48.0,18.0,24.0,6.0,6,3,3,0
adamsja01c,1939,DET,NHL,1,,48.0,16.0,26.0,6.0,5,2,3,0
adamsja01c,1940,DET,NHL,1,,48.0,21.0,16.0,11.0,9,4,5,0
adamsja01c,1941,DET,NHL,1,,48.0,19.0,25.0,4.0,12,7,5,0
adamsja01c,1942,DET,NHL,1,,50.0,25.0,14.0,11.0,10,8,2,0
adamsja01c,1943,DET,NHL,1,,50.0,26.0,18.0,6.0,5,1,4,0
adamsja01c,1944,DET,NHL,1,,50.0,31.0,14.0,5.0,14,7,7,0
adamsja01c,1945,DET,NHL,1,,50.0,20.0,20.0,10.0,5,1,4,0
adamsja01c,1946,DET,NHL,1,,60.0,22.0,27.0,11.0,5,1,4,0
agnewga01c,2006,CBS,NHL,2,interim,5.0,0.0,4.0,1.0,,,,
allenke01c,1967,PHI,NHL,1,,74.0,31.0,32.0,11.0,7,3,4,0
allenke01c,1968,PHI,NHL,1,,76.0,20.0,35.0,21.0,4,0,4,0
allisda01c,1995,OTT,NHL,2,,25.0,2.0,22.0,1.0,,,,
anderji01c,1974,WAS,NHL,1,,54.0,4.0,45.0,5.0,,,,
anderjo01c,2008,ATL,NHL,1,,82.0,35.0,41.0,6.0,,,,
anderjo01c,2009,ATL,NHL,1,,82.0,35.0,34.0,13.0,,,,
angotlo01c,1973,STL,NHL,2,,23.0,4.0,15.0,4.0,,,,
angotlo01c,1974,STL,NHL,1,,9.0,2.0,5.0,2.0,,,,
angotlo01c,1983,PIT,NHL,1,,80.0,16.0,58.0,6.0,,,,
arboual01c,1970,STL,NHL,1,,50.0,21.0,15.0,14.0,,,,
arboual01c,1971,STL,NHL,3,,44.0,19.0,19.0,6.0,11,4,7,0
arboual01c,1972,STL,NHL,1,,13.0,2.0,6.0,5.0,,,,
arboual01c,1973,NYI,NHL,1,,78.0,19.0,41.0,18.0,,,,
arboual01c,1974,NYI,NHL,1,,80.0,33.0,25.0,22.0,17,9,8,0
arboual01c,1975,NYI,NHL,1,,80.0,42.0,21.0,17.0,13,7,6,0
arboual01c,1976,NYI,NHL,1,,80.0,47.0,21.0,12.0,12,8,4,0
arboual01c,1977,NYI,NHL,1,,80.0,48.0,17.0,15.0,7,3,4,0
arboual01c,1978,NYI,NHL,1,,80.0,51.0,15.0,14.0,10,6,4,0
arboual01c,1979,NYI,NHL,1,,80.0,39.0,28.0,13.0,21,15,6,0
arboual01c,1980,NYI,NHL,1,,80.0,48.0,18.0,14.0,18,15,3,0
arboual01c,1981,NYI,NHL,1,,80.0,54.0,16.0,10.0,19,15,4,0
arboual01c,1982,NYI,NHL,1,,80.0,42.0,26.0,12.0,20,15,5,0
arboual01c,1983,NYI,NHL,1,,80.0,50.0,26.0,4.0,21,12,9,0
arboual01c,1984,NYI,NHL,1,,80.0,40.0,34.0,6.0,10,4,6,0
arboual01c,1985,NYI,NHL,1,,80.0,39.0,29.0,12.0,3,0,3,0
arboual01c,1988,NYI,NHL,2,,53.0,21.0,29.0,3.0,,,,
arboual01c,1989,NYI,NHL,1,,80.0,31.0,38.0,11.0,5,1,4,0
arboual01c,1990,NYI,NHL,1,,80.0,25.0,45.0,10.0,,,,
arboual01c,1991,NYI,NHL,1,,80.0,34.0,35.0,11.0,,,,
arboual01c,1992,NYI,NHL,1,,84.0,40.0,37.0,7.0,18,9,9,0
arboual01c,1993,NYI,NHL,1,,84.0,36.0,36.0,12.0,4,0,4,0
arboual01c,2007,NYI,NHL,2,interim,1.0,1.0,0.0,0.0,,,,
armstge01c,1988,TOR,NHL,2,,47.0,17.0,26.0,4.0,,,,
arniesc01c,2010,CBS,NHL,1,,82.0,34.0,35.0,13.0,,,,
arniesc01c,2011,CBS,NHL,1,,41.0,11.0,25.0,5.0,,,,
babcomi01c,2002,ANA,NHL,1,,82.0,40.0,33.0,9.0,21,15,6,0
babcomi01c,2003,ANA,NHL,1,,82.0,29.0,43.0,10.0,,,,
babcomi01c,2005,DET,NHL,1,,82.0,58.0,16.0,8.0,6,2,4,0
babcomi01c,2006,DET,NHL,1,,82.0,50.0,19.0,13.0,18,10,8,0
babcomi01c,2007,DET,NHL,1,,82.0,54.0,21.0,7.0,22,16,6,0
babcomi01c,2008,DET,NHL,1,,82.0,51.0,21.0,10.0,23,15,8,0
babcomi01c,2009,DET,NHL,1,,82.0,44.0,24.0,14.0,12,5,7,0
babcomi01c,2010,DET,NHL,1,,82.0,47.0,25.0,19.0,11,7,4,0
babcomi01c,2011,DET,NHL,1,,82.0,48.0,28.0,6.0,5,1,4,0
barbebi01c,2000,PHI,NHL,2,,54.0,31.0,16.0,7.0,6,2,4,0
barbebi01c,2001,PHI,NHL,1,,82.0,42.0,30.0,10.0,5,1,4,0
barkldo01c,1970,DET,NHL,2,,40.0,10.0,23.0,7.0,,,,
barkldo01c,1971,DET,NHL,1,,11.0,3.0,8.0,0.0,,,,
barkldo01c,1975,DET,NHL,1,,26.0,7.0,15.0,4.0,,,,
bassejo01c,1977,BIR,WHA,2,interim,3.0,0.0,3.0,0.0,,,,
bathgan01c,1973,VAB,WHA,3,,59.0,21.0,37.0,1.0,,,,
baunbo01c,1975,TOT,WHA,1,,55.0,15.0,35.0,5.0,,,,
beaulan01c,1977,MNS,NHL,2,,32.0,6.0,23.0,3.0,,,,
belisda01c,1978,WAS,NHL,1,,80.0,24.0,41.0,15.0,,,,
belisda01c,1979,WAS,NHL,1,,16.0,4.0,10.0,2.0,,,,
berenre01c,1979,STL,NHL,2,,56.0,27.0,20.0,9.0,3,0,3,0
berenre01c,1980,STL,NHL,1,,80.0,45.0,18.0,17.0,11,5,6,0
berenre01c,1981,STL,NHL,1,,68.0,28.0,34.0,6.0,,,,
bergemi03c,1980,QUE,NHL,2,,74.0,29.0,29.0,16.0,5,2,3,0
bergemi03c,1981,QUE,NHL,1,,80.0,33.0,31.0,16.0,16,7,9,0
bergemi03c,1982,QUE,NHL,1,,80.0,34.0,34.0,12.0,4,1,3,0
bergemi03c,1983,QUE,NHL,1,,80.0,42.0,28.0,10.0,9,5,4,0
bergemi03c,1984,QUE,NHL,1,,80.0,41.0,30.0,9.0,18,9,9,0
bergemi03c,1985,QUE,NHL,1,,80.0,43.0,31.0,6.0,3,0,3,0
bergemi03c,1986,QUE,NHL,1,,80.0,31.0,39.0,10.0,13,7,6,0
bergemi03c,1987,NYR,NHL,1,,80.0,36.0,34.0,10.0,,,,
bergemi03c,1988,NYR,NHL,1,,78.0,37.0,33.0,8.0,,,,
bergemi03c,1989,QUE,NHL,1,,80.0,12.0,61.0,7.0,,,,
berrybo01c,1978,LAK,NHL,1,,80.0,34.0,34.0,12.0,2,0,2,0
berrybo01c,1979,LAK,NHL,1,,80.0,30.0,36.0,14.0,4,1,3,0
berrybo01c,1980,LAK,NHL,1,,80.0,43.0,24.0,13.0,4,1,3,0
berrybo01c,1981,MTL,NHL,1,,80.0,46.0,17.0,17.0,5,2,3,0
berrybo01c,1982,MTL,NHL,1,,80.0,42.0,24.0,14.0,3,0,3,0
berrybo01c,1983,MTL,NHL,1,,63.0,28.0,30.0,5.0,,,,
berrybo01c,1984,PIT,NHL,1,,80.0,24.0,51.0,5.0,,,,
berrybo01c,1985,PIT,NHL,1,,80.0,34.0,38.0,8.0,,,,
berrybo01c,1986,PIT,NHL,1,,80.0,30.0,38.0,12.0,,,,
berrybo01c,1992,STL,NHL,2,,73.0,33.0,30.0,10.0,11,7,4,0
berrybo01c,1993,STL,NHL,1,,84.0,40.0,33.0,11.0,4,0,4,0
beverni01c,1995,TOR,NHL,2,,17.0,9.0,6.0,2.0,6,2,4,0
blackdo01c,1975,NEW,WHA,2,,35.0,14.0,18.0,3.0,,,,
blackdo01c,1978,NEW,WHA,2,,9.0,4.0,5.0,0.0,10,5,5,0
blackdo01c,1979,HAR,NHL,1,,80.0,27.0,34.0,19.0,3,0,3,0
blackdo01c,1980,HAR,NHL,1,,60.0,15.0,29.0,16.0,,,,
blairwr01c,1967,MNS,NHL,1,,74.0,27.0,32.0,15.0,14,7,7,0
blairwr01c,1968,MNS,NHL,1,,10.0,3.0,6.0,1.0,,,,
blairwr01c,1968,MNS,NHL,3,,31.0,9.0,14.0,8.0,,,,
blairwr01c,1969,MNS,NHL,1,,32.0,9.0,13.0,10.0,,,,
blaketo01c,1955,MTL,NHL,1,,70.0,45.0,15.0,10.0,10,8,2,0
blaketo01c,1956,MTL,NHL,1,,70.0,35.0,23.0,12.0,10,8,2,0
blaketo01c,1957,MTL,NHL,1,,70.0,43.0,17.0,10.0,10,8,2,0
blaketo01c,1958,MTL,NHL,1,,70.0,39.0,18.0,13.0,11,8,3,0
blaketo01c,1959,MTL,NHL,1,,70.0,40.0,18.0,12.0,8,8,0,0
blaketo01c,1960,MTL,NHL,1,,70.0,41.0,19.0,10.0,6,2,4,0
blaketo01c,1961,MTL,NHL,1,,70.0,42.0,14.0,14.0,6,2,4,0
blaketo01c,1962,MTL,NHL,1,,70.0,28.0,19.0,23.0,5,1,4,0
blaketo01c,1963,MTL,NHL,1,,70.0,36.0,21.0,13.0,7,3,4,0
blaketo01c,1964,MTL,NHL,1,,70.0,36.0,23.0,11.0,13,8,5,0
blaketo01c,1965,MTL,NHL,1,,70.0,41.0,21.0,8.0,10,8,2,0
blaketo01c,1966,MTL,NHL,1,,70.0,32.0,25.0,13.0,10,6,4,0
blaketo01c,1967,MTL,NHL,1,,74.0,42.0,22.0,10.0,13,12,1,0
boilema01c,1973,PIT,NHL,2,,28.0,14.0,10.0,4.0,,,,
boilema01c,1974,PIT,NHL,1,,80.0,37.0,28.0,15.0,9,5,4,0
boilema01c,1975,PIT,NHL,1,,43.0,15.0,23.0,5.0,,,,
boilema01c,1976,QUN,WHA,1,,81.0,47.0,31.0,3.0,17,12,5,0
boilema01c,1977,QUN,WHA,1,,59.0,27.0,30.0,2.0,,,,
boivile01c,1975,STL,NHL,3,,43.0,17.0,17.0,9.0,3,1,2,0
boivile01c,1977,STL,NHL,1,,54.0,11.0,36.0,7.0,,,,
boondi01c,1909,MOW,NHA,1,,12.0,11.0,1.0,0.0,,,,
boondi01c,1911,MOW,NHA,1,,18.0,9.0,9.0,0.0,,,,
boondi01c,1912,MOW,NHA,1,,20.0,10.0,10.0,0.0,,,,
boondi01c,1913,MOW,NHA,1,,15.0,4.0,11.0,0.0,,,,
boondi01c,1914,MOW,NHA,1,,20.0,14.0,6.0,0.0,,,,
boondi01c,1915,MOW,NHA,1,,24.0,10.0,14.0,0.0,,,,
boondi01c,1916,MOW,NHA,1,,20.0,5.0,15.0,0.0,,,,
bouchfr01c,1939,NYR,NHL,1,,48.0,27.0,11.0,10.0,12,8,4,0
bouchfr01c,1940,NYR,NHL,1,,48.0,21.0,19.0,8.0,3,1,2,0
bouchfr01c,1941,NYR,NHL,1,,48.0,29.0,17.0,2.0,6,2,4,0
bouchfr01c,1942,NYR,NHL,1,,50.0,11.0,31.0,8.0,,,,
bouchfr01c,1943,NYR,NHL,1,,50.0,6.0,39.0,5.0,,,,
bouchfr01c,1944,NYR,NHL,1,,50.0,11.0,29.0,10.0,,,,
bouchfr01c,1945,NYR,NHL,1,,50.0,13.0,28.0,9.0,,,,
bouchfr01c,1946,NYR,NHL,1,,60.0,22.0,32.0,6.0,,,,
bouchfr01c,1947,NYR,NHL,1,,60.0,21.0,26.0,13.0,6,2,4,0
bouchfr01c,1948,NYR,NHL,1,,23.0,6.0,11.0,6.0,,,,
bouchfr01c,1953,NYR,NHL,1,,40.0,14.0,20.0,6.0,,,,
bouchge01c,1930,MTM,NHL,2,,12.0,6.0,5.0,1.0,2,0,2,0
bouchge01c,1933,OTS,NHL,1,,48.0,13.0,29.0,6.0,,,,
bouchge01c,1934,STE,NHL,2,,35.0,9.0,20.0,6.0,,,,
bouchge01c,1949,BOS,NHL,1,,70.0,22.0,32.0,16.0,,,,
bouchgu01c,2010,TBL,NHL,1,,82.0,46.0,25.0,11.0,18,11,7,0
bouchgu01c,2011,TBL,NHL,1,,82.0,38.0,36.0,8.0,,,,
boudrbr01c,2007,WAS,NHL,2,,61.0,37.0,17.0,7.0,7,3,4,0
boudrbr01c,2008,WAS,NHL,1,,82.0,50.0,24.0,8.0,14,7,7,0
boudrbr01c,2009,WAS,NHL,1,,82.0,54.0,15.0,13.0,7,3,4,0
boudrbr01c,2010,WAS,NHL,1,,82.0,48.0,23.0,11.0,9,4,5,0
boudrbr01c,2011,AND,NHL,2,,58.0,27.0,23.0,8.0,,,,
boudrbr01c,2011,WAS,NHL,1,,22.0,12.0,9.0,1.0,,,,
bowmasc01c,1967,STL,NHL,2,,58.0,23.0,21.0,14.0,18,8,10,0
bowmasc01c,1968,STL,NHL,1,,76.0,37.0,25.0,14.0,12,8,4,0
bowmasc01c,1969,STL,NHL,1,,76.0,37.0,27.0,12.0,16,8,8,0
bowmasc01c,1970,STL,NHL,2,,28.0,13.0,10.0,5.0,6,2,4,0
bowmasc01c,1971,MTL,NHL,1,,78.0,46.0,16.0,16.0,6,2,4,0
bowmasc01c,1972,MTL,NHL,1,,78.0,52.0,10.0,16.0,17,12,5,0
bowmasc01c,1973,MTL,NHL,1,,78.0,45.0,24.0,9.0,6,2,4,0
bowmasc01c,1974,MTL,NHL,1,,80.0,47.0,14.0,19.0,11,6,5,0
bowmasc01c,1975,MTL,NHL,1,,80.0,58.0,11.0,11.0,13,12,1,0
bowmasc01c,1976,MTL,NHL,1,,80.0,60.0,8.0,12.0,14,12,2,0
bowmasc01c,1977,MTL,NHL,1,,80.0,59.0,10.0,11.0,15,12,3,0
bowmasc01c,1978,MTL,NHL,1,,80.0,52.0,17.0,11.0,16,12,4,0
bowmasc01c,1979,BUF,NHL,1,,80.0,47.0,17.0,16.0,14,9,5,0
bowmasc01c,1981,BUF,NHL,1,,26.0,14.0,5.0,7.0,,,,
bowmasc01c,1981,BUF,NHL,3,,9.0,4.0,5.0,0.0,4,1,3,0
bowmasc01c,1982,BUF,NHL,1,,80.0,38.0,29.0,13.0,10,6,4,0
bowmasc01c,1983,BUF,NHL,1,,80.0,48.0,25.0,7.0,3,0,3,0
bowmasc01c,1984,BUF,NHL,1,,80.0,38.0,28.0,14.0,5,2,3,0
bowmasc01c,1985,BUF,NHL,2,,37.0,18.0,18.0,1.0,,,,
bowmasc01c,1986,BUF,NHL,1,,12.0,3.0,7.0,2.0,,,,
bowmasc01c,1991,PIT,NHL,1,,80.0,39.0,32.0,9.0,21,16,5,0
bowmasc01c,1992,PIT,NHL,1,,84.0,56.0,21.0,7.0,12,7,5,0
bowmasc01c,1993,DET,NHL,1,,84.0,46.0,30.0,8.0,7,3,4,0
bowmasc01c,1994,DET,NHL,1,,48.0,33.0,11.0,4.0,18,12,6,0
bowmasc01c,1995,DET,NHL,1,,82.0,62.0,13.0,7.0,19,10,9,0
bowmasc01c,1996,DET,NHL,1,,82.0,38.0,26.0,18.0,20,16,4,0
bowmasc01c,1997,DET,NHL,1,,82.0,44.0,23.0,15.0,22,16,6,0
bowmasc01c,1998,DET,NHL,2,,77.0,39.0,31.0,7.0,10,6,4,0
bowmasc01c,1999,DET,NHL,1,,82.0,48.0,24.0,10.0,9,5,4,0
bowmasc01c,2000,DET,NHL,1,,82.0,49.0,24.0,9.0,6,2,4,0
bowmasc01c,2001,DET,NHL,1,,82.0,51.0,21.0,10.0,23,16,7,0
bowneri01c,1988,WIN,NHL,2,,28.0,8.0,17.0,3.0,,,,
bowneri01c,1991,BOS,NHL,1,,80.0,36.0,32.0,12.0,15,8,7,0
bowneri01c,1992,OTT,NHL,1,,84.0,10.0,70.0,4.0,,,,
bowneri01c,1993,OTT,NHL,1,,84.0,14.0,61.0,9.0,,,,
bowneri01c,1994,OTT,NHL,1,,48.0,9.0,34.0,5.0,,,,
bowneri01c,1995,OTT,NHL,1,,19.0,6.0,13.0,0.0,,,,
bowneri01c,1996,NYI,NHL,2,,37.0,16.0,18.0,3.0,,,,
bowneri01c,1997,NYI,NHL,1,,63.0,22.0,32.0,9.0,,,,
bowneri01c,2003,PHO,NHL,2,,20.0,2.0,15.0,3.0,,,,
brookhe01c,1981,NYR,NHL,1,,80.0,39.0,27.0,14.0,10,5,5,0
brookhe01c,1982,NYR,NHL,1,,80.0,35.0,35.0,10.0,9,5,4,0
brookhe01c,1983,NYR,NHL,1,,80.0,42.0,29.0,9.0,5,2,3,0
brookhe01c,1984,NYR,NHL,1,,45.0,15.0,22.0,8.0,,,,
brookhe01c,1987,MNS,NHL,1,,80.0,19.0,48.0,13.0,,,,
brookhe01c,1992,NJD,NHL,1,,84.0,40.0,37.0,7.0,5,1,4,0
brookhe01c,1999,PIT,NHL,2,,57.0,29.0,23.0,5.0,11,6,5,0
brophjo01c,1978,BIR,WHA,1,,80.0,32.0,42.0,6.0,,,,
brophjo01c,1986,TOR,NHL,1,,80.0,32.0,42.0,6.0,13,7,6,0
brophjo01c,1987,TOR,NHL,1,,80.0,21.0,49.0,10.0,6,2,4,0
brophjo01c,1988,TOR,NHL,1,,33.0,11.0,20.0,2.0,,,,
burnege01c,1994,EDM,NHL,1,,35.0,12.0,20.0,3.0,,,,
burnsch01c,1969,MNS,NHL,2,,44.0,10.0,22.0,12.0,6,2,4,0
burnsch01c,1974,MNS,NHL,2,,42.0,12.0,28.0,2.0,,,,
burnspa01c,1988,MTL,NHL,1,,80.0,53.0,18.0,9.0,21,14,7,0
burnspa01c,1989,MTL,NHL,1,,80.0,41.0,28.0,11.0,11,5,6,0
burnspa01c,1990,MTL,NHL,1,,80.0,39.0,30.0,11.0,13,7,6,0
burnspa01c,1991,MTL,NHL,1,,80.0,41.0,28.0,11.0,11,4,7,0
burnspa01c,1992,TOR,NHL,1,,84.0,44.0,29.0,11.0,21,11,10,0
burnspa01c,1993,TOR,NHL,1,,84.0,43.0,29.0,12.0,18,9,9,0
burnspa01c,1994,TOR,NHL,1,,48.0,21.0,19.0,8.0,7,3,4,0
burnspa01c,1995,TOR,NHL,1,,65.0,25.0,30.0,10.0,,,,
burnspa01c,1997,BOS,NHL,1,,82.0,39.0,30.0,13.0,6,2,4,0
burnspa01c,1998,BOS,NHL,1,,82.0,39.0,30.0,13.0,12,6,6,0
burnspa01c,1999,BOS,NHL,1,,82.0,24.0,39.0,19.0,,,,
burnspa01c,2000,BOS,NHL,1,,8.0,3.0,4.0,1.0,,,,
burnspa01c,2002,NJD,NHL,1,,82.0,46.0,26.0,10.0,24,16,8,0
burnspa01c,2003,NJD,NHL,1,,82.0,43.0,27.0,12.0,5,1,4,0
bushed01c,1975,KCS,NHL,3,,32.0,1.0,23.0,8.0,,,,
bylsmda01c,2008,PIT,NHL,2,,25.0,18.0,3.0,4.0,24,16,8,0
bylsmda01c,2009,PIT,NHL,1,,82.0,47.0,28.0,7.0,13,7,6,0
bylsmda01c,2010,PIT,NHL,1,,82.0,49.0,25.0,8.0,7,3,4,0
bylsmda01c,2011,PIT,NHL,1,,82.0,51.0,25.0,6.0,6,2,4,0
campbco01c,1994,NYR,NHL,1,,48.0,22.0,23.0,3.0,10,4,6,0
campbco01c,1995,NYR,NHL,1,,82.0,41.0,27.0,14.0,11,5,6,0
campbco01c,1996,NYR,NHL,1,,82.0,38.0,34.0,10.0,15,9,6,0
campbco01c,1997,NYR,NHL,1,,57.0,17.0,24.0,16.0,,,,
capuaja01c,2010,NYI,NHL,2,,65.0,26.0,29.0,10.0,,,,
capuaja01c,2011,NYI,NHL,1,,82.0,34.0,37.0,11.0,,,,
carbogu01c,2006,MTL,NHL,1,,82.0,42.0,34.0,6.0,,,,
carbogu01c,2007,MTL,NHL,1,,82.0,47.0,25.0,10.0,12,5,7,0
carbogu01c,2008,MTL,NHL,1,,66.0,35.0,24.0,7.0,,,,
carlyra01c,2005,ANA,NHL,1,,82.0,43.0,27.0,12.0,16,9,7,0
carlyra01c,2006,AND,NHL,1,,82.0,48.0,20.0,14.0,21,16,5,0
carlyra01c,2007,AND,NHL,1,,82.0,47.0,27.0,8.0,6,2,4,0
carlyra01c,2008,AND,NHL,1,,82.0,42.0,33.0,7.0,13,7,6,0
carlyra01c,2009,AND,NHL,1,,82.0,39.0,32.0,11.0,,,,
carlyra01c,2010,AND,NHL,1,,82.0,47.0,30.0,5.0,6,2,4,0
carlyra01c,2011,AND,NHL,1,,24.0,7.0,13.0,4.0,,,,
carlyra01c,2011,TOR,NHL,2,,18.0,6.0,9.0,3.0,,,,
carpedo01c,1984,NJD,NHL,1,,80.0,22.0,48.0,10.0,,,,
carpedo01c,1985,NJD,NHL,1,,80.0,28.0,49.0,3.0,,,,
carpedo01c,1986,NJD,NHL,1,,80.0,29.0,45.0,6.0,,,,
carpedo01c,1987,NJD,NHL,1,,50.0,21.0,24.0,5.0,,,,
carpedo01c,1989,TOR,NHL,1,,80.0,38.0,38.0,4.0,5,1,4,0
carpedo01c,1990,TOR,NHL,1,,11.0,1.0,9.0,1.0,,,,
carrodi01c,1917,TOA,NHL,1,,22.0,13.0,9.0,0.0,7,4,3,0
carrodi01c,1918,TOA,NHL,1,,18.0,5.0,13.0,0.0,,,,
carrofr01c,1920,TRS,NHL,1,,24.0,15.0,9.0,0.0,2,0,2,0
cashmwa01c,1997,PHI,NHL,1,,61.0,32.0,20.0,9.0,,,,
cassibr01c,2002,WAS,NHL,1,,82.0,39.0,35.0,8.0,6,2,4,0
cassibr01c,2003,WAS,NHL,1,,28.0,8.0,19.0,1.0,,,,
chambda01c,1990,QUE,NHL,1,,80.0,16.0,50.0,14.0,,,,
chambda01c,1991,QUE,NHL,1,,18.0,3.0,14.0,1.0,,,,
champwe01c,1921,REG,WCHL,1,,24.0,14.0,10.0,0.0,6,3,1,2
champwe01c,1922,REG,WCHL,1,,30.0,16.0,14.0,0.0,2,0,1,1
champwe01c,1923,REG,WCHL,1,,30.0,17.0,11.0,2.0,2,0,1,1
champwe01c,1924,REG,WCHL,1,,28.0,8.0,20.0,0.0,,,,
charrgu01c,1991,CAL,NHL,2,,16.0,6.0,7.0,3.0,,,,
charrgu01c,2000,ANA,NHL,2,,49.0,14.0,28.0,7.0,,,,
cheevge01c,1980,BOS,NHL,1,,80.0,37.0,30.0,13.0,3,0,3,0
cheevge01c,1981,BOS,NHL,1,,80.0,43.0,27.0,10.0,11,6,5,0
cheevge01c,1982,BOS,NHL,1,,80.0,50.0,20.0,10.0,17,9,8,0
cheevge01c,1983,BOS,NHL,1,,80.0,49.0,25.0,6.0,3,0,3,0
cheevge01c,1984,BOS,NHL,1,,56.0,25.0,24.0,7.0,,,,
cherrdo01c,1974,BOS,NHL,1,,80.0,40.0,26.0,14.0,3,1,2,0
cherrdo01c,1975,BOS,NHL,1,,80.0,48.0,15.0,17.0,12,5,7,0
cherrdo01c,1976,BOS,NHL,1,,80.0,49.0,23.0,8.0,14,8,6,0
cherrdo01c,1977,BOS,NHL,1,,80.0,51.0,18.0,11.0,15,10,5,0
cherrdo01c,1978,BOS,NHL,1,,80.0,43.0,23.0,14.0,11,7,4,0
cherrdo01c,1979,COR,NHL,1,,80.0,19.0,48.0,13.0,,,,
clancki01c,1937,MTM,NHL,1,,18.0,6.0,11.0,1.0,,,,
clancki01c,1953,TOR,NHL,1,,70.0,32.0,24.0,14.0,5,1,4,0
clancki01c,1954,TOR,NHL,1,,70.0,24.0,24.0,22.0,4,0,4,0
clancki01c,1955,TOR,NHL,1,,70.0,24.0,33.0,13.0,5,1,4,0
clappdi01c,1945,BOS,NHL,1,,50.0,24.0,18.0,8.0,10,5,5,0
clappdi01c,1946,BOS,NHL,1,,60.0,26.0,23.0,11.0,5,1,4,0
clappdi01c,1947,BOS,NHL,1,,60.0,23.0,24.0,13.0,5,1,4,0
clappdi01c,1948,BOS,NHL,1,,60.0,29.0,23.0,8.0,5,1,4,0
cleghod01c,1925,PIP,NHL,1,,36.0,19.0,16.0,1.0,2,0,1,1
cleghod01c,1926,PIP,NHL,1,,44.0,15.0,26.0,3.0,,,,
cleghod01c,1927,PIP,NHL,1,,44.0,19.0,17.0,8.0,2,1,1,0
cleghod01c,1928,PIP,NHL,1,,44.0,9.0,27.0,8.0,,,,
cleghsp01c,1931,MTM,NHL,1,,48.0,19.0,22.0,7.0,4,1,1,2
clousco01c,2008,OTT,NHL,2,,34.0,19.0,11.0,4.0,,,,
clousco01c,2009,OTT,NHL,1,,82.0,44.0,32.0,6.0,6,2,4,0
clousco01c,2010,OTT,NHL,1,,82.0,32.0,40.0,10.0,,,,
colvine01c,1950,NYR,NHL,1,,70.0,20.0,29.0,21.0,,,,
colvine01c,1951,NYR,NHL,1,,23.0,6.0,12.0,5.0,,,,
conacch01c,1947,CHI,NHL,2,,32.0,13.0,15.0,4.0,,,,
conacch01c,1948,CHI,NHL,1,,60.0,21.0,31.0,8.0,,,,
conacch01c,1949,CHI,NHL,1,,70.0,22.0,38.0,10.0,,,,
conacli01c,1929,NYA,NHL,1,,44.0,14.0,25.0,5.0,,,,
constke01c,1993,SJS,NHL,1,,84.0,33.0,35.0,16.0,14,7,7,0
constke01c,1994,SJS,NHL,1,,48.0,19.0,25.0,4.0,11,4,7,0
constke01c,1995,SJS,NHL,1,,25.0,3.0,18.0,4.0,,,,
constke01c,1997,PIT,NHL,1,,82.0,40.0,24.0,18.0,6,2,4,0
constke01c,1998,PIT,NHL,1,,82.0,38.0,30.0,14.0,13,6,7,0
constke01c,1999,PIT,NHL,1,,25.0,8.0,14.0,3.0,,,,
constke01c,2001,NJD,NHL,2,,31.0,20.0,9.0,2.0,6,2,4,0
cookbi01c,1951,NYR,NHL,2,,47.0,17.0,22.0,8.0,,,,
cookbi01c,1952,NYR,NHL,1,,70.0,17.0,37.0,16.0,,,,
crawfma01c,1994,QUE,NHL,1,,48.0,30.0,13.0,5.0,6,2,4,0
crawfma01c,1995,COL,NHL,1,,82.0,47.0,25.0,10.0,22,16,6,0
crawfma01c,1996,COL,NHL,1,,82.0,49.0,24.0,9.0,17,10,7,0
crawfma01c,1997,COL,NHL,1,,82.0,39.0,26.0,17.0,7,3,4,0
crawfma01c,1998,VAN,NHL,2,,37.0,8.0,23.0,6.0,,,,
crawfma01c,1999,VAN,NHL,1,,82.0,30.0,37.0,15.0,,,,
crawfma01c,2000,VAN,NHL,1,,82.0,36.0,35.0,11.0,4,0,4,0
crawfma01c,2001,VAN,NHL,1,,82.0,42.0,33.0,7.0,6,2,4,0
crawfma01c,2002,VAN,NHL,1,,82.0,45.0,24.0,13.0,14,7,7,0
crawfma01c,2003,VAN,NHL,1,,82.0,43.0,29.0,10.0,7,3,4,0
crawfma01c,2005,VAN,NHL,1,,82.0,42.0,32.0,8.0,,,,
crawfma01c,2006,LAK,NHL,1,,82.0,27.0,41.0,14.0,,,,
crawfma01c,2007,LAK,NHL,1,,82.0,32.0,43.0,7.0,,,,
crawfma01c,2009,DAL,NHL,1,,82.0,37.0,31.0,14.0,,,,
crawfma01c,2010,DAL,NHL,1,,82.0,42.0,29.0,11.0,,,,
creampi01c,1987,PIT,NHL,1,,80.0,36.0,35.0,9.0,,,,
creigfr01c,1974,ATF,NHL,2,,28.0,12.0,11.0,5.0,,,,
creigfr01c,1975,ATF,NHL,1,,80.0,35.0,33.0,12.0,2,0,2,0
creigfr01c,1976,ATF,NHL,1,,80.0,34.0,34.0,12.0,3,1,2,0
creigfr01c,1977,ATF,NHL,1,,80.0,34.0,27.0,19.0,2,0,2,0
creigfr01c,1978,ATF,NHL,1,,80.0,41.0,31.0,8.0,2,0,2,0
creigfr01c,1979,BOS,NHL,1,,73.0,40.0,20.0,13.0,,,,
crispte01c,1987,CAL,NHL,1,,80.0,48.0,23.0,9.0,9,4,5,0
crispte01c,1988,CAL,NHL,1,,80.0,54.0,17.0,9.0,22,16,6,0
crispte01c,1989,CAL,NHL,1,,80.0,42.0,23.0,15.0,6,2,4,0
crispte01c,1992,TBL,NHL,1,,84.0,23.0,54.0,7.0,,,,
crispte01c,1993,TBL,NHL,1,,84.0,30.0,43.0,11.0,,,,
crispte01c,1994,TBL,NHL,1,,48.0,17.0,28.0,3.0,,,,
crispte01c,1995,TBL,NHL,1,,82.0,38.0,32.0,12.0,6,2,4,0
crispte01c,1996,TBL,NHL,1,,82.0,32.0,40.0,10.0,,,,
crispte01c,1997,TBL,NHL,1,,11.0,2.0,7.0,2.0,,,,
crozijo01c,1971,BUF,NHL,3,,36.0,8.0,19.0,9.0,,,,
crozijo01c,1972,BUF,NHL,1,,78.0,37.0,27.0,14.0,6,2,4,0
crozijo01c,1973,BUF,NHL,1,,78.0,32.0,34.0,12.0,,,,
crozijo01c,1974,VAB,WHA,1,,78.0,37.0,39.0,2.0,,,,
crozijo01c,1975,CAC,WHA,1,,80.0,41.0,35.0,4.0,10,5,5,0
crozijo01c,1976,CAC,WHA,1,,81.0,31.0,43.0,7.0,,,,
crozijo01c,1980,TOR,NHL,1,,40.0,13.0,22.0,5.0,,,,
croziro01c,1981,WAS,NHL,2,,1.0,0.0,1.0,0.0,,,,
cunnera01c,2011,MTL,NHL,2,,50.0,18.0,23.0,9.0,,,,
cunnijo01c,1982,HAR,NHL,3,,13.0,3.0,9.0,1.0,,,,
cunnijo01c,1989,NJD,NHL,2,,66.0,31.0,28.0,7.0,6,2,4,0
cunnijo01c,1990,NJD,NHL,1,,67.0,28.0,28.0,11.0,,,,
curryal01c,1925,OTS,NHL,1,,36.0,24.0,8.0,4.0,2,0,1,1
dandule01c,1921,MTL,NHL,2,,17.0,10.0,6.0,1.0,,,,
dandule01c,1922,MTL,NHL,1,,24.0,13.0,9.0,2.0,2,1,1,0
dandule01c,1923,MTL,NHL,1,,24.0,13.0,11.0,0.0,6,6,0,0
dandule01c,1924,MTL,NHL,1,,30.0,17.0,11.0,2.0,6,3,3,0
dandule01c,1925,MTL,NHL,1,,36.0,11.0,24.0,1.0,,,,
dandule01c,1934,MTL,NHL,2,,32.0,14.0,15.0,3.0,2,0,2,0
dayha01c,1940,TOR,NHL,1,,48.0,28.0,14.0,6.0,7,3,4,0
dayha01c,1941,TOR,NHL,1,,48.0,27.0,18.0,3.0,13,8,5,0
dayha01c,1942,TOR,NHL,1,,50.0,22.0,19.0,9.0,6,2,4,0
dayha01c,1943,TOR,NHL,1,,50.0,23.0,23.0,4.0,5,1,4,0
dayha01c,1944,TOR,NHL,1,,50.0,24.0,22.0,4.0,13,8,5,0
dayha01c,1945,TOR,NHL,1,,50.0,19.0,24.0,7.0,,,,
dayha01c,1946,TOR,NHL,1,,60.0,31.0,19.0,10.0,11,8,3,0
dayha01c,1947,TOR,NHL,1,,60.0,32.0,15.0,13.0,9,8,1,0
dayha01c,1948,TOR,NHL,1,,60.0,22.0,25.0,13.0,9,8,1,0
dayha01c,1949,TOR,NHL,1,,70.0,31.0,27.0,12.0,7,3,4,0
deabi01c,1981,DET,NHL,2,,11.0,3.0,8.0,0.0,,,,
deboepe01c,2008,FLO,NHL,1,,82.0,41.0,30.0,11.0,,,,
deboepe01c,2009,FLO,NHL,1,,82.0,32.0,37.0,13.0,,,,
deboepe01c,2010,FLO,NHL,1,,82.0,30.0,40.0,12.0,,,,
deboepe01c,2011,NJD,NHL,1,,82.0,48.0,28.0,6.0,24,14,10,0
delveal01c,1973,DET,NHL,2,,67.0,27.0,31.0,9.0,,,,
delveal01c,1974,DET,NHL,1,,80.0,23.0,45.0,12.0,,,,
delveal01c,1975,DET,NHL,2,,54.0,19.0,29.0,6.0,,,,
delveal01c,1976,DET,NHL,1,,44.0,13.0,26.0,5.0,,,,
demerja01c,1975,IND,WHA,2,,75.0,34.0,35.0,6.0,7,3,4,0
demerja01c,1976,IND,WHA,1,,81.0,36.0,37.0,8.0,9,5,4,0
demerja01c,1977,CIN,WHA,1,,75.0,33.0,39.0,3.0,,,,
demerja01c,1978,QUN,WHA,1,,80.0,41.0,34.0,5.0,4,0,4,0
demerja01c,1979,QUE,NHL,1,,80.0,25.0,44.0,11.0,,,,
demerja01c,1983,STL,NHL,1,,80.0,32.0,41.0,7.0,11,6,5,0
demerja01c,1984,STL,NHL,1,,80.0,37.0,31.0,12.0,3,0,3,0
demerja01c,1985,STL,NHL,1,,80.0,37.0,34.0,9.0,19,10,9,0
demerja01c,1986,DET,NHL,1,,80.0,34.0,36.0,10.0,16,9,7,0
demerja01c,1987,DET,NHL,1,,80.0,41.0,28.0,11.0,16,9,7,0
demerja01c,1988,DET,NHL,1,,80.0,34.0,34.0,12.0,6,2,4,0
demerja01c,1989,DET,NHL,1,,80.0,28.0,38.0,14.0,,,,
demerja01c,1992,MTL,NHL,1,,84.0,48.0,30.0,6.0,20,16,4,0
demerja01c,1993,MTL,NHL,1,,84.0,41.0,29.0,14.0,7,3,4,0
demerja01c,1994,MTL,NHL,1,,48.0,18.0,23.0,7.0,,,,
demerja01c,1995,MTL,NHL,1,,4.0,0.0,4.0,0.0,,,,
demerja01c,1997,TBL,NHL,3,,65.0,15.0,42.0,8.0,,,,
demerja01c,1998,TBL,NHL,1,,82.0,19.0,54.0,9.0,,,,
dennecy01c,1928,BOS,NHL,1,,44.0,26.0,13.0,5.0,5,5,0,0
dennecy01c,1932,OTS,NHL,1,,48.0,11.0,27.0,10.0,,,,
dineebi01c,1972,HOU,WHA,1,,78.0,39.0,35.0,4.0,10,4,6,0
dineebi01c,1973,HOU,WHA,1,,78.0,48.0,25.0,5.0,14,12,2,0
dineebi01c,1974,HOU,WHA,1,,78.0,53.0,25.0,0.0,13,12,1,0
dineebi01c,1975,HOU,WHA,1,,80.0,53.0,27.0,0.0,17,8,9,0
dineebi01c,1976,HOU,WHA,1,,80.0,50.0,24.0,6.0,11,6,5,0
dineebi01c,1977,HOU,WHA,1,,80.0,42.0,34.0,4.0,6,2,4,0
dineebi01c,1978,NEW,WHA,1,,71.0,33.0,29.0,9.0,,,,
dineebi01c,1991,PHI,NHL,2,,56.0,24.0,23.0,9.0,,,,
dineebi01c,1992,PHI,NHL,1,,84.0,36.0,37.0,11.0,,,,
dineeke01c,2011,FLO,NHL,1,,82.0,38.0,26.0,18.0,7,3,4,0
dorvana01c,1911,MOC,NHA,1,,18.0,8.0,10.0,0.0,,,,
dorvana01c,1912,MOC,NHA,1,,20.0,9.0,11.0,0.0,,,,
drakecl01c,1975,EDO,WHA,1,,48.0,18.0,28.0,2.0,,,,
dudleri01c,1989,BUF,NHL,1,,80.0,45.0,27.0,8.0,6,2,4,0
dudleri01c,1990,BUF,NHL,1,,80.0,31.0,30.0,19.0,6,2,4,0
dudleri01c,1991,BUF,NHL,1,,28.0,9.0,15.0,4.0,,,,
dudleri01c,2003,FLO,NHL,2,,40.0,13.0,18.0,9.0,,,,
duffdi01c,1979,TOR,NHL,2,,2.0,0.0,2.0,0.0,,,,
dugalju01c,1938,MTL,NHL,2,,18.0,9.0,6.0,3.0,3,1,2,0
duncaar01c,1926,DTC,NHL,1,,33.0,10.0,21.0,2.0,,,,
duncaar01c,1930,TOR,NHL,2,,42.0,21.0,13.0,8.0,2,0,1,1
duncaar01c,1931,TOR,NHL,1,,5.0,0.0,3.0,2.0,,,,
duttore01c,1935,NYA,NHL,1,,48.0,16.0,25.0,7.0,5,2,3,0
duttore01c,1936,NYA,NHL,1,,48.0,15.0,29.0,4.0,,,,
duttore01c,1937,NYA,NHL,1,,48.0,19.0,18.0,11.0,6,3,3,0
duttore01c,1938,NYA,NHL,1,,48.0,17.0,21.0,10.0,2,0,2,0
duttore01c,1939,NYA,NHL,1,,48.0,15.0,29.0,4.0,3,1,2,0
duttore01c,1940,NYA,NHL,1,,48.0,8.0,29.0,11.0,,,,
duttore01c,1941,BKN,NHL,1,,48.0,16.0,29.0,3.0,,,,
eddolfr01c,1954,CHI,NHL,1,,70.0,13.0,40.0,17.0,,,,
esposph01c,1986,NYR,NHL,3,,43.0,24.0,19.0,0.0,6,2,4,0
esposph01c,1988,NYR,NHL,2,,2.0,0.0,2.0,0.0,4,0,4,0
evansja01c,1975,CLF,NHL,1,,80.0,27.0,42.0,11.0,,,,
evansja01c,1976,CLE,NHL,1,,80.0,25.0,42.0,13.0,,,,
evansja01c,1977,CLE,NHL,1,,80.0,22.0,45.0,13.0,,,,
evansja01c,1983,HAR,NHL,1,,80.0,28.0,42.0,10.0,,,,
evansja01c,1984,HAR,NHL,1,,80.0,30.0,41.0,9.0,,,,
evansja01c,1985,HAR,NHL,1,,80.0,40.0,36.0,4.0,10,6,4,0
evansja01c,1986,HAR,NHL,1,,80.0,43.0,30.0,7.0,6,2,4,0
evansja01c,1987,HAR,NHL,1,,54.0,22.0,25.0,7.0,,,,
fashogo01c,1967,OAK,NHL,2,,10.0,4.0,5.0,1.0,,,,
fergujo01c,1975,NYR,NHL,2,,41.0,14.0,22.0,5.0,,,,
fergujo01c,1976,NYR,NHL,1,,80.0,29.0,37.0,14.0,,,,
fergujo01c,1985,WIN,NHL,2,,14.0,7.0,6.0,1.0,3,0,3,0
filioma01c,1972,QUN,WHA,2,,76.0,32.0,39.0,5.0,,,,
filioma01c,1977,QUN,WHA,2,,21.0,13.0,7.0,1.0,11,5,6,0
filioma01c,1980,QUE,NHL,1,,6.0,1.0,3.0,2.0,,,,
francbo01c,1999,PHO,NHL,1,,82.0,39.0,35.0,8.0,5,1,4,0
francbo01c,2000,PHO,NHL,1,,82.0,35.0,30.0,17.0,,,,
francbo01c,2001,PHO,NHL,1,,82.0,40.0,33.0,9.0,5,1,4,0
francbo01c,2002,PHO,NHL,1,,82.0,31.0,40.0,11.0,,,,
francbo01c,2003,PHO,NHL,1,,62.0,20.0,27.0,15.0,,,,
francem01c,1965,NYR,NHL,2,,50.0,13.0,31.0,6.0,,,,
francem01c,1966,NYR,NHL,1,,70.0,30.0,28.0,12.0,4,0,4,0
francem01c,1967,NYR,NHL,1,,74.0,39.0,23.0,12.0,6,2,4,0
francem01c,1968,NYR,NHL,2,,33.0,19.0,8.0,6.0,4,0,4,0
francem01c,1969,NYR,NHL,1,,76.0,38.0,22.0,16.0,6,2,4,0
francem01c,1970,NYR,NHL,1,,78.0,49.0,18.0,11.0,13,7,6,0
francem01c,1971,NYR,NHL,1,,78.0,48.0,17.0,13.0,16,10,6,0
francem01c,1972,NYR,NHL,1,,78.0,47.0,23.0,8.0,10,5,5,0
francem01c,1973,NYR,NHL,2,,37.0,22.0,10.0,5.0,13,7,6,0
francem01c,1974,NYR,NHL,1,,80.0,37.0,29.0,14.0,3,1,2,0
francem01c,1976,STL,NHL,1,,80.0,32.0,39.0,9.0,4,0,4,0
francem01c,1981,STL,NHL,2,,12.0,4.0,6.0,2.0,10,5,5,0
francem01c,1982,STL,NHL,1,,32.0,10.0,19.0,3.0,,,,
frasecu01c,1999,ATL,NHL,1,,82.0,14.0,61.0,7.0,,,,
frasecu01c,2000,ATL,NHL,1,,82.0,23.0,47.0,12.0,,,,
frasecu01c,2001,ATL,NHL,1,,82.0,19.0,52.0,11.0,,,,
frasecu01c,2002,ATL,NHL,1,,33.0,8.0,24.0,1.0,,,,
fredrfr01c,1929,PIP,NHL,1,,44.0,5.0,36.0,3.0,,,,
ftorero01c,1987,LAK,NHL,3,,52.0,23.0,25.0,4.0,5,1,4,0
ftorero01c,1988,LAK,NHL,1,,80.0,42.0,31.0,7.0,11,4,7,0
ftorero01c,1998,NJD,NHL,1,,82.0,47.0,24.0,11.0,7,3,4,0
ftorero01c,1999,NJD,NHL,1,,74.0,41.0,25.0,8.0,,,,
ftorero01c,2001,BOS,NHL,1,,82.0,43.0,33.0,6.0,6,2,4,0
ftorero01c,2002,BOS,NHL,1,,73.0,33.0,32.0,8.0,,,,
gadsbbi01c,1968,DET,NHL,1,,76.0,33.0,31.0,12.0,,,,
gadsbbi01c,1969,DET,NHL,1,,2.0,2.0,0.0,0.0,,,,
gainebo01c,1990,MNS,NHL,1,,80.0,27.0,39.0,14.0,23,14,9,0
gainebo01c,1991,MNS,NHL,1,,80.0,32.0,42.0,6.0,7,3,4,0
gainebo01c,1992,MNS,NHL,1,,84.0,36.0,38.0,10.0,,,,
gainebo01c,1993,DAL,NHL,1,,84.0,42.0,29.0,13.0,9,5,4,0
gainebo01c,1994,DAL,NHL,1,,48.0,17.0,23.0,8.0,5,1,4,0
gainebo01c,1995,DAL,NHL,1,,39.0,11.0,19.0,9.0,,,,
gainebo01c,2005,MTL,NHL,2,,41.0,23.0,15.0,3.0,6,2,4,0
gainebo01c,2008,MTL,NHL,2,,16.0,6.0,6.0,4.0,4,0,4,0
gallage01c,2003,CBS,NHL,2,,45.0,16.0,25.0,4.0,,,,
gallage01c,2005,CBS,NHL,1,,82.0,35.0,43.0,4.0,,,,
gallage01c,2006,CBS,NHL,1,,15.0,5.0,9.0,1.0,,,,
gardihe01c,1922,CAT,WCHL,1,,30.0,12.0,18.0,0.0,,,,
gardihe01c,1923,CAT,WCHL,1,,30.0,18.0,11.0,1.0,7,3,3,1
gardihe01c,1924,CAT,WCHL,1,,28.0,17.0,11.0,0.0,2,0,1,1
gardihe01c,1925,CAT,WCHL,1,,30.0,10.0,17.0,3.0,,,,
gardihe01c,1928,CHI,NHL,1,,32.0,5.0,23.0,4.0,,,,
gardnji01c,1910,MOW,NHA,1,,16.0,7.0,9.0,0.0,,,,
gardnji01c,1911,NWR,PCHA,1,,15.0,9.0,6.0,0.0,,,,
gardnji01c,1912,NWR,PCHA,1,,13.0,4.0,9.0,0.0,,,,
gardnji01c,1913,MOC,NHA,1,,20.0,13.0,7.0,0.0,,,,
gardnji01c,1914,MOC,NHA,1,,20.0,6.0,14.0,0.0,,,,
gardnji01c,1924,HAM,NHL,1,,30.0,19.0,10.0,1.0,,,,
garvite01c,1973,DET,NHL,1,,11.0,2.0,8.0,1.0,,,,
gendrje01c,1974,QUN,WHA,1,,78.0,46.0,32.0,0.0,15,8,7,0
gendrje01c,1975,QUN,WHA,1,,81.0,50.0,27.0,4.0,5,1,4,0
geoffbe01c,1968,NYR,NHL,1,,43.0,22.0,18.0,3.0,,,,
geoffbe01c,1972,ATF,NHL,1,,78.0,25.0,38.0,15.0,,,,
geoffbe01c,1973,ATF,NHL,1,,78.0,30.0,34.0,14.0,4,0,4,0
geoffbe01c,1974,ATF,NHL,1,,52.0,22.0,20.0,10.0,,,,
geoffbe01c,1979,MTL,NHL,1,,30.0,15.0,9.0,6.0,,,,
gerared01c,1916,OT1,NHA,1,,20.0,15.0,5.0,0.0,,,,
gerared01c,1917,OTS,NHL,1,,22.0,9.0,13.0,0.0,,,,
gerared01c,1924,MTM,NHL,1,,30.0,9.0,19.0,2.0,,,,
gerared01c,1925,MTM,NHL,1,,36.0,20.0,11.0,5.0,8,5,1,2
gerared01c,1926,MTM,NHL,1,,44.0,20.0,20.0,4.0,2,0,1,1
gerared01c,1927,MTM,NHL,1,,44.0,24.0,14.0,6.0,9,5,3,1
gerared01c,1928,MTM,NHL,1,,44.0,15.0,20.0,9.0,,,,
gerared01c,1930,NYA,NHL,1,,44.0,18.0,16.0,10.0,,,,
gerared01c,1931,NYA,NHL,1,,48.0,16.0,24.0,8.0,,,,
gerared01c,1932,MTM,NHL,1,,48.0,22.0,20.0,6.0,2,0,2,0
gerared01c,1933,MTM,NHL,1,,48.0,19.0,18.0,11.0,4,1,2,1
gerared01c,1934,STE,NHL,1,,13.0,2.0,11.0,0.0,,,,
gilbegr01c,2000,CAL,NHL,2,,14.0,4.0,8.0,2.0,,,,
gilbegr01c,2001,CAL,NHL,1,,82.0,32.0,38.0,12.0,,,,
gilbegr01c,2002,CAL,NHL,1,,25.0,6.0,16.0,3.0,,,,
gillda01c,1926,OTS,NHL,1,,44.0,30.0,10.0,4.0,6,3,0,3
gillda01c,1927,OTS,NHL,1,,44.0,20.0,14.0,10.0,2,0,2,0
gillda01c,1928,OTS,NHL,1,,44.0,14.0,17.0,13.0,,,,
glovefr01c,1968,OAK,NHL,1,,76.0,29.0,36.0,11.0,7,3,4,0
glovefr01c,1969,OAK,NHL,1,,76.0,22.0,40.0,14.0,4,0,4,0
glovefr01c,1970,CLF,NHL,1,,78.0,20.0,53.0,5.0,,,,
glovefr01c,1971,CLF,NHL,1,,3.0,0.0,1.0,2.0,,,,
glovefr01c,1971,LAK,NHL,2,,68.0,18.0,42.0,8.0,,,,
glovefr01c,1972,CLF,NHL,2,,66.0,14.0,39.0,13.0,,,,
glovefr01c,1973,CLF,NHL,1,,57.0,11.0,38.0,8.0,,,,
goldsbi01c,1977,IND,WHA,2,,29.0,8.0,20.0,1.0,,,,
goodfeb01c,1950,CHI,NHL,1,,70.0,13.0,47.0,10.0,,,,
goodfeb01c,1951,CHI,NHL,1,,70.0,17.0,44.0,9.0,,,,
gordoja01c,1970,MNS,NHL,1,,78.0,28.0,34.0,16.0,12,6,6,0
gordoja01c,1971,MNS,NHL,1,,78.0,37.0,29.0,12.0,7,3,4,0
gordoja01c,1972,MNS,NHL,1,,78.0,37.0,30.0,11.0,6,2,4,0
gordoja01c,1973,MNS,NHL,1,,17.0,3.0,8.0,6.0,,,,
gordoja01c,1974,MNS,NHL,1,,38.0,11.0,22.0,5.0,,,,
gordosc01c,2008,NYI,NHL,1,,82.0,26.0,47.0,9.0,,,,
gordosc01c,2009,NYI,NHL,1,,82.0,34.0,37.0,11.0,,,,
gordosc01c,2010,NYI,NHL,1,,17.0,4.0,10.0,3.0,,,,
gorinbu01c,1985,BOS,NHL,1,,80.0,37.0,31.0,12.0,3,0,3,0
gorinbu01c,1986,BOS,NHL,1,,13.0,5.0,7.0,1.0,,,,
gorinbu01c,1999,NYI,NHL,1,,82.0,24.0,49.0,9.0,,,,
gorinbu01c,2000,NYI,NHL,1,,65.0,17.0,43.0,5.0,,,,
gormato01c,1925,NYA,NHL,1,,36.0,12.0,20.0,4.0,,,,
gormato01c,1928,NYA,NHL,1,,44.0,19.0,13.0,12.0,2,0,1,1
gormato01c,1932,CHI,NHL,3,,25.0,8.0,11.0,6.0,,,,
gormato01c,1933,CHI,NHL,1,,48.0,20.0,17.0,11.0,8,6,1,1
gormato01c,1934,MTM,NHL,1,,48.0,24.0,19.0,5.0,7,5,0,2
gormato01c,1935,MTM,NHL,1,,48.0,22.0,16.0,10.0,3,0,3,0
gormato01c,1936,MTM,NHL,1,,48.0,22.0,17.0,9.0,5,2,3,0
gormato01c,1937,MTM,NHL,2,,30.0,6.0,19.0,5.0,,,,
gottsjo01c,1944,CHI,NHL,2,,49.0,13.0,29.0,7.0,,,,
gottsjo01c,1945,CHI,NHL,1,,50.0,23.0,20.0,7.0,4,0,4,0
gottsjo01c,1946,CHI,NHL,1,,60.0,19.0,37.0,4.0,,,,
gottsjo01c,1947,CHI,NHL,1,,28.0,7.0,19.0,2.0,,,,
goyetph01c,1972,NYI,NHL,1,,48.0,6.0,38.0,4.0,,,,
grahadi01c,1998,CHI,NHL,1,,59.0,16.0,35.0,8.0,,,,
granato01c,2002,COL,NHL,2,,51.0,32.0,15.0,4.0,7,3,4,0
granato01c,2003,COL,NHL,1,,82.0,40.0,29.0,13.0,11,6,5,0
granato01c,2008,COL,NHL,1,,82.0,32.0,45.0,5.0,,,,
greenga01c,1979,WAS,NHL,2,,64.0,23.0,30.0,11.0,,,,
greenga01c,1980,WAS,NHL,1,,80.0,26.0,36.0,18.0,,,,
greenga01c,1981,WAS,NHL,1,,13.0,1.0,12.0,0.0,,,,
greenpe01c,1919,OTS,NHL,1,,24.0,19.0,5.0,0.0,5,3,2,0
greenpe01c,1920,OTS,NHL,1,,24.0,14.0,10.0,0.0,7,5,2,0
greenpe01c,1921,OTS,NHL,1,,24.0,14.0,8.0,2.0,2,0,1,1
greenpe01c,1922,OTS,NHL,1,,24.0,14.0,9.0,1.0,8,6,2,0
greenpe01c,1923,OTS,NHL,1,,24.0,16.0,8.0,0.0,2,0,2,0
greenpe01c,1924,OTS,NHL,1,,30.0,17.0,12.0,1.0,,,,
greensh01c,1927,NYA,NHL,1,,44.0,11.0,27.0,6.0,,,,
greente01c,1991,EDM,NHL,1,,80.0,36.0,34.0,10.0,16,8,8,0
greente01c,1992,EDM,NHL,1,,84.0,26.0,50.0,8.0,,,,
greente01c,1993,EDM,NHL,1,,24.0,3.0,18.0,3.0,,,,
gretzwa01c,2005,PHO,NHL,1,,82.0,38.0,39.0,5.0,,,,
gretzwa01c,2006,PHO,NHL,1,,82.0,31.0,46.0,5.0,,,,
gretzwa01c,2007,PHO,NHL,1,,82.0,38.0,37.0,7.0,,,,
gretzwa01c,2008,PHO,NHL,1,,82.0,36.0,39.0,7.0,,,,
gretzwa01c,2009,PHO,NHL,1,,82.0,50.0,25.0,7.0,7,3,4,0
guidoal01c,1978,COR,NHL,2,,59.0,12.0,39.0,8.0,,,,
guidobe01c,1972,BOS,NHL,2,,26.0,20.0,6.0,0.0,5,1,4,0
guidobe01c,1973,BOS,NHL,1,,78.0,52.0,17.0,9.0,16,10,6,0
guidobe01c,1974,KCS,NHL,1,,80.0,15.0,54.0,11.0,,,,
guidobe01c,1975,KCS,NHL,1,,45.0,11.0,30.0,4.0,,,,
guidobe01c,1976,EDO,WHA,1,,63.0,25.0,36.0,2.0,,,,
gulutgl01c,2011,DAL,NHL,1,,82.0,42.0,35.0,5.0,,,,
hanlogl01c,2003,WAS,NHL,2,,54.0,15.0,30.0,9.0,,,,
hanlogl01c,2005,WAS,NHL,1,,82.0,29.0,41.0,12.0,,,,
hanlogl01c,2006,WAS,NHL,1,,82.0,28.0,40.0,14.0,,,,
hanlogl01c,2007,WAS,NHL,1,,21.0,6.0,14.0,1.0,,,,
hannajo01c,1974,CLC,WHA,1,,33.0,14.0,18.0,1.0,,,,
hareto01c,1909,COB,NHA,1,,12.0,4.0,8.0,0.0,,,,
harknne01c,1970,DET,NHL,1,,38.0,12.0,22.0,4.0,,,,
harribi01c,1972,OTN,WHA,1,,78.0,35.0,39.0,4.0,5,1,4,0
harribi01c,1973,TOT,WHA,1,,78.0,41.0,33.0,4.0,12,7,5,0
harribi01c,1974,TOT,WHA,1,,41.0,23.0,17.0,1.0,,,,
harrite01c,1975,MNS,NHL,1,,80.0,20.0,53.0,7.0,,,,
harrite01c,1976,MNS,NHL,1,,80.0,23.0,39.0,18.0,2,0,2,0
harrite01c,1977,MNS,NHL,1,,19.0,5.0,12.0,2.0,,,,
hartce01c,1926,MTL,NHL,1,,44.0,28.0,14.0,2.0,4,1,1,2
hartce01c,1927,MTL,NHL,1,,44.0,26.0,11.0,7.0,2,0,1,1
hartce01c,1928,MTL,NHL,1,,44.0,22.0,7.0,15.0,3,0,3,0
hartce01c,1929,MTL,NHL,1,,44.0,21.0,14.0,9.0,6,5,0,1
hartce01c,1930,MTL,NHL,1,,44.0,26.0,10.0,8.0,10,6,4,0
hartce01c,1931,MTL,NHL,1,,48.0,25.0,16.0,7.0,4,1,3,0
hartce01c,1936,MTL,NHL,1,,48.0,24.0,18.0,6.0,5,2,3,0
hartce01c,1937,MTL,NHL,1,,48.0,18.0,17.0,13.0,3,1,2,0
hartce01c,1938,MTL,NHL,1,,30.0,6.0,18.0,6.0,,,,
hartlbo01c,1998,COL,NHL,1,,82.0,44.0,28.0,10.0,19,11,8,0
hartlbo01c,1999,COL,NHL,1,,82.0,42.0,29.0,11.0,17,11,6,0
hartlbo01c,2000,COL,NHL,1,,82.0,52.0,20.0,10.0,23,16,7,0
hartlbo01c,2001,COL,NHL,1,,82.0,45.0,29.0,8.0,21,11,10,0
hartlbo01c,2002,ATL,NHL,3,,39.0,19.0,15.0,5.0,,,,
hartlbo01c,2002,COL,NHL,1,,31.0,10.0,12.0,9.0,,,,
hartlbo01c,2003,ATL,NHL,1,,82.0,33.0,41.0,8.0,,,,
hartlbo01c,2005,ATL,NHL,1,,82.0,41.0,33.0,8.0,,,,
hartlbo01c,2006,ATL,NHL,1,,82.0,43.0,28.0,11.0,4,0,4,0
hartlbo01c,2007,ATL,NHL,1,,6.0,0.0,6.0,0.0,,,,
hartscr01c,1995,CHI,NHL,1,,82.0,40.0,28.0,14.0,10,6,4,0
hartscr01c,1996,CHI,NHL,1,,82.0,34.0,35.0,13.0,6,2,4,0
hartscr01c,1997,CHI,NHL,1,,82.0,30.0,39.0,13.0,,,,
hartscr01c,1998,ANA,NHL,1,,82.0,35.0,34.0,13.0,4,0,4,0
hartscr01c,1999,ANA,NHL,1,,82.0,34.0,36.0,12.0,,,,
hartscr01c,2000,ANA,NHL,1,,33.0,11.0,18.0,4.0,,,,
hartscr01c,2008,OTT,NHL,1,,48.0,17.0,24.0,7.0,,,,
harvedo01c,1961,NYR,NHL,1,,70.0,26.0,32.0,12.0,6,2,4,0
haydo01c,1996,PHO,NHL,1,,82.0,38.0,37.0,7.0,7,3,4,0
haydo01c,2000,CAL,NHL,1,,68.0,23.0,32.0,13.0,,,,
heffefr01c,1919,TRS,NHL,1,,12.0,5.0,7.0,0.0,,,,
hennilo01c,1985,MNS,NHL,1,,80.0,38.0,33.0,9.0,5,2,3,0
hennilo01c,1986,MNS,NHL,1,,78.0,30.0,39.0,9.0,,,,
hennilo01c,1994,NYI,NHL,1,,48.0,15.0,28.0,5.0,,,,
hennilo01c,2000,NYI,NHL,2,,17.0,4.0,11.0,2.0,,,,
henryca01c,1972,NRA,WHA,1,,77.0,32.0,43.0,2.0,,,,
henryca01c,1973,NYJ,WHA,1,,20.0,6.0,12.0,2.0,,,,
hillmla01c,1977,WIJ,WHA,1,,80.0,50.0,28.0,2.0,9,8,1,0
hillmla01c,1978,WIJ,WHA,1,,61.0,28.0,27.0,6.0,,,,
hitchke01c,1995,DAL,NHL,2,,43.0,15.0,23.0,5.0,,,,
hitchke01c,1996,DAL,NHL,1,,82.0,48.0,26.0,8.0,7,3,4,0
hitchke01c,1997,DAL,NHL,1,,82.0,49.0,22.0,11.0,17,10,7,0
hitchke01c,1998,DAL,NHL,1,,82.0,51.0,19.0,12.0,23,16,7,0
hitchke01c,1999,DAL,NHL,1,,82.0,43.0,29.0,10.0,23,14,9,0
hitchke01c,2000,DAL,NHL,1,,82.0,48.0,26.0,8.0,10,4,6,0
hitchke01c,2001,DAL,NHL,1,,50.0,23.0,21.0,6.0,,,,
hitchke01c,2002,PHI,NHL,1,,82.0,45.0,24.0,13.0,13,6,7,0
hitchke01c,2003,PHI,NHL,1,,82.0,40.0,27.0,15.0,18,11,7,0
hitchke01c,2005,PHI,NHL,1,,82.0,45.0,26.0,11.0,6,2,4,0
hitchke01c,2006,CBS,NHL,3,,62.0,28.0,29.0,5.0,,,,
hitchke01c,2006,PHI,NHL,1,,8.0,1.0,6.0,1.0,,,,
hitchke01c,2007,CBS,NHL,1,,82.0,34.0,36.0,12.0,,,,
hitchke01c,2008,CBS,NHL,1,,82.0,41.0,31.0,10.0,4,0,4,0
hitchke01c,2009,CBS,NHL,1,,58.0,22.0,27.0,9.0,,,,
hitchke01c,2011,STL,NHL,2,,69.0,43.0,15.0,11.0,9,4,5,0
hlinkiv01c,2000,PIT,NHL,1,,82.0,42.0,31.0,9.0,18,9,9,0
hlinkiv01c,2001,PIT,NHL,1,,4.0,0.0,4.0,0.0,,,,
holmgpa01c,1988,PHI,NHL,1,,80.0,36.0,36.0,8.0,19,10,9,0
holmgpa01c,1989,PHI,NHL,1,,80.0,30.0,39.0,11.0,,,,
holmgpa01c,1990,PHI,NHL,1,,80.0,33.0,37.0,10.0,,,,
holmgpa01c,1991,PHI,NHL,1,,24.0,8.0,14.0,2.0,,,,
holmgpa01c,1992,HAR,NHL,1,,84.0,26.0,52.0,6.0,,,,
holmgpa01c,1993,HAR,NHL,1,,17.0,4.0,11.0,2.0,,,,
holmgpa01c,1994,HAR,NHL,1,,48.0,19.0,24.0,5.0,,,,
holmgpa01c,1995,HAR,NHL,1,,12.0,5.0,6.0,1.0,,,,
howelha01c,1973,NYJ,WHA,2,,58.0,26.0,30.0,2.0,,,,
howelha01c,1974,SDM,WHA,1,,78.0,43.0,31.0,4.0,10,4,6,0
howelha01c,1978,MNS,NHL,1,,11.0,3.0,6.0,2.0,,,,
huculsa01c,1974,PHR,WHA,1,,78.0,39.0,31.0,8.0,5,1,4,0
huculsa01c,1975,PHR,WHA,1,,80.0,39.0,35.0,6.0,5,2,3,0
hullbo01c,1972,WIJ,WHA,1,,78.0,43.0,31.0,4.0,14,9,5,0
hullbo01c,1973,WIJ,WHA,1,,78.0,34.0,39.0,5.0,4,0,4,0
hullbo01c,1974,WIJ,WHA,2,,13.0,4.0,9.0,0.0,,,,
huntebi01c,1974,EDO,WHA,2,,19.0,6.0,12.0,1.0,,,,
huntebi01c,1975,EDO,WHA,2,,33.0,9.0,21.0,3.0,4,0,4,0
hunteda02c,2011,WAS,NHL,2,,60.0,30.0,23.0,7.0,14,7,7,0
imlacpu01c,1958,TOR,NHL,2,,50.0,22.0,20.0,8.0,12,5,7,0
imlacpu01c,1959,TOR,NHL,1,,70.0,35.0,26.0,9.0,10,4,6,0
imlacpu01c,1960,TOR,NHL,1,,70.0,39.0,19.0,12.0,5,1,4,0
imlacpu01c,1961,TOR,NHL,1,,70.0,37.0,22.0,11.0,12,8,4,0
imlacpu01c,1962,TOR,NHL,1,,70.0,35.0,23.0,12.0,10,8,2,0
imlacpu01c,1963,TOR,NHL,1,,70.0,33.0,25.0,12.0,14,8,6,0
imlacpu01c,1964,TOR,NHL,1,,70.0,30.0,26.0,14.0,6,2,4,0
imlacpu01c,1965,TOR,NHL,1,,70.0,34.0,25.0,11.0,4,0,4,0
imlacpu01c,1966,TOR,NHL,1,,70.0,32.0,27.0,11.0,12,8,4,0
imlacpu01c,1967,TOR,NHL,1,,74.0,33.0,31.0,10.0,,,,
imlacpu01c,1968,TOR,NHL,1,,76.0,35.0,26.0,15.0,4,0,4,0
imlacpu01c,1970,BUF,NHL,1,,78.0,24.0,39.0,15.0,,,,
imlacpu01c,1971,BUF,NHL,1,,41.0,8.0,23.0,10.0,,,,
imlacpu01c,1979,TOR,NHL,3,,10.0,5.0,5.0,0.0,3,0,3,0
ingarea01c,1972,NYI,NHL,2,,30.0,6.0,22.0,2.0,,,,
inglibi01c,1978,BUF,NHL,2,,56.0,28.0,18.0,10.0,3,1,2,0
ingraro01c,1975,SDM,WHA,1,,80.0,36.0,38.0,6.0,11,5,6,0
ingraro01c,1976,SDM,WHA,1,,81.0,40.0,37.0,4.0,7,3,4,0
ingraro01c,1977,IND,WHA,1,,51.0,16.0,31.0,4.0,,,,
irvindi01c,1928,CHI,NHL,2,,12.0,2.0,6.0,4.0,,,,
irvindi01c,1930,CHI,NHL,1,,44.0,24.0,17.0,3.0,9,5,3,1
irvindi01c,1931,TOR,NHL,2,,43.0,23.0,15.0,5.0,7,5,1,1
irvindi01c,1932,TOR,NHL,1,,48.0,24.0,18.0,6.0,9,4,5,0
irvindi01c,1933,TOR,NHL,1,,48.0,26.0,13.0,9.0,5,2,3,0
irvindi01c,1934,TOR,NHL,1,,48.0,30.0,14.0,4.0,7,3,4,0
irvindi01c,1935,TOR,NHL,1,,48.0,23.0,19.0,6.0,9,4,5,0
irvindi01c,1936,TOR,NHL,1,,48.0,22.0,21.0,5.0,2,0,2,0
irvindi01c,1937,TOR,NHL,1,,48.0,24.0,15.0,9.0,7,4,3,0
irvindi01c,1938,TOR,NHL,1,,48.0,19.0,20.0,9.0,10,5,5,0
irvindi01c,1939,TOR,NHL,1,,48.0,25.0,17.0,6.0,10,6,4,0
irvindi01c,1940,MTL,NHL,1,,48.0,16.0,26.0,6.0,3,1,2,0
irvindi01c,1941,MTL,NHL,1,,48.0,18.0,27.0,3.0,3,1,2,0
irvindi01c,1942,MTL,NHL,1,,50.0,19.0,19.0,12.0,5,1,4,0
irvindi01c,1943,MTL,NHL,1,,50.0,38.0,5.0,7.0,9,8,1,0
irvindi01c,1944,MTL,NHL,1,,50.0,38.0,8.0,4.0,6,2,4,0
irvindi01c,1945,MTL,NHL,1,,50.0,28.0,17.0,5.0,9,8,1,0
irvindi01c,1946,MTL,NHL,1,,60.0,34.0,16.0,10.0,11,6,5,0
irvindi01c,1947,MTL,NHL,1,,60.0,20.0,29.0,11.0,,,,
irvindi01c,1948,MTL,NHL,1,,60.0,28.0,23.0,9.0,7,3,4,0
irvindi01c,1949,MTL,NHL,1,,70.0,29.0,22.0,19.0,5,1,4,0
irvindi01c,1950,MTL,NHL,1,,70.0,25.0,30.0,15.0,11,5,6,0
irvindi01c,1951,MTL,NHL,1,,70.0,34.0,26.0,10.0,11,4,7,0
irvindi01c,1952,MTL,NHL,1,,70.0,28.0,23.0,19.0,12,8,4,0
irvindi01c,1953,MTL,NHL,1,,70.0,35.0,24.0,11.0,11,7,4,0
irvindi01c,1954,MTL,NHL,1,,70.0,41.0,18.0,11.0,12,7,5,0
irvindi01c,1955,CHI,NHL,1,,70.0,19.0,39.0,12.0,,,,
ivanto01c,1947,DET,NHL,1,,60.0,30.0,18.0,12.0,10,4,6,0
ivanto01c,1948,DET,NHL,1,,60.0,34.0,19.0,7.0,11,4,7,0
ivanto01c,1949,DET,NHL,1,,70.0,37.0,19.0,14.0,14,8,6,0
ivanto01c,1950,DET,NHL,1,,70.0,44.0,13.0,13.0,6,2,4,0
ivanto01c,1951,DET,NHL,1,,70.0,44.0,14.0,12.0,8,8,0,0
ivanto01c,1952,DET,NHL,1,,70.0,36.0,16.0,18.0,6,2,4,0
ivanto01c,1953,DET,NHL,1,,70.0,37.0,19.0,14.0,12,8,4,0
ivanto01c,1956,CHI,NHL,1,,70.0,16.0,39.0,15.0,,,,
ivanto01c,1957,CHI,NHL,1,,33.0,10.0,17.0,6.0,,,,
iversem01c,1932,CHI,NHL,2,,21.0,8.0,7.0,6.0,,,,
johnsbo02c,1982,CAL,NHL,1,,80.0,32.0,34.0,14.0,9,4,5,0
johnsbo02c,1983,CAL,NHL,1,,80.0,34.0,32.0,14.0,11,6,5,0
johnsbo02c,1984,CAL,NHL,1,,80.0,41.0,27.0,12.0,4,1,3,0
johnsbo02c,1985,CAL,NHL,1,,80.0,40.0,31.0,9.0,22,12,10,0
johnsbo02c,1986,CAL,NHL,1,,80.0,46.0,31.0,3.0,6,2,4,0
johnsbo02c,1990,PIT,NHL,1,,80.0,41.0,33.0,6.0,24,16,8,0
johnsed01c,1979,CHI,NHL,1,,80.0,34.0,27.0,19.0,7,3,4,0
johnsed01c,1980,PIT,NHL,1,,80.0,30.0,37.0,13.0,5,2,3,0
johnsed01c,1981,PIT,NHL,1,,80.0,31.0,36.0,13.0,5,2,3,0
johnsed01c,1982,PIT,NHL,1,,80.0,18.0,53.0,9.0,,,,
johnsed01c,1993,PIT,NHL,1,,84.0,44.0,27.0,13.0,6,2,4,0
johnsed01c,1994,PIT,NHL,1,,48.0,29.0,16.0,3.0,12,5,7,0
johnsed01c,1995,PIT,NHL,1,,82.0,49.0,29.0,4.0,18,11,7,0
johnsed01c,1996,PIT,NHL,1,,62.0,31.0,26.0,5.0,,,,
johnsma01c,1973,CLF,NHL,2,,21.0,2.0,17.0,2.0,,,,
johnsma01c,1974,CLF,NHL,1,,48.0,11.0,28.0,9.0,,,,
johnsma01c,1981,COR,NHL,2,,56.0,15.0,32.0,9.0,,,,
johnsto01c,1970,BOS,NHL,1,,78.0,57.0,14.0,7.0,7,3,4,0
johnsto01c,1971,BOS,NHL,1,,78.0,54.0,13.0,11.0,15,12,3,0
johnsto01c,1972,BOS,NHL,1,,52.0,31.0,16.0,5.0,,,,
juliecl01c,2002,MTL,NHL,2,,36.0,12.0,21.0,3.0,,,,
juliecl01c,2003,MTL,NHL,1,,82.0,41.0,34.0,7.0,11,4,7,0
juliecl01c,2005,MTL,NHL,1,,41.0,19.0,16.0,6.0,,,,
juliecl01c,2006,NJD,NHL,1,,79.0,47.0,24.0,8.0,,,,
juliecl01c,2007,BOS,NHL,1,,82.0,41.0,29.0,12.0,7,3,4,0
juliecl01c,2008,BOS,NHL,1,,82.0,53.0,19.0,10.0,11,7,4,0
juliecl01c,2009,BOS,NHL,1,,82.0,39.0,30.0,13.0,13,7,6,0
juliecl01c,2010,BOS,NHL,1,,82.0,46.0,25.0,11.0,25,16,9,0
juliecl01c,2011,BOS,NHL,1,,82.0,49.0,29.0,4.0,7,3,4,0
kaspest01c,1995,BOS,NHL,1,,82.0,40.0,31.0,11.0,5,1,4,0
kaspest01c,1996,BOS,NHL,1,,82.0,26.0,47.0,9.0,,,,
keatsdu01c,1926,DTC,NHL,2,,11.0,2.0,7.0,2.0,,,,
keenami01c,1984,PHI,NHL,1,,80.0,53.0,20.0,7.0,19,12,7,0
keenami01c,1985,PHI,NHL,1,,80.0,53.0,23.0,4.0,5,2,3,0
keenami01c,1986,PHI,NHL,1,,80.0,46.0,26.0,8.0,26,15,11,0
keenami01c,1987,PHI,NHL,1,,80.0,38.0,33.0,9.0,7,3,4,0
keenami01c,1988,CHI,NHL,1,,80.0,27.0,41.0,12.0,16,9,7,0
keenami01c,1989,CHI,NHL,1,,80.0,41.0,33.0,6.0,20,10,10,0
keenami01c,1990,CHI,NHL,1,,80.0,49.0,23.0,8.0,6,2,4,0
keenami01c,1991,CHI,NHL,1,,80.0,36.0,29.0,15.0,18,12,6,0
keenami01c,1993,NYR,NHL,1,,84.0,52.0,24.0,8.0,23,16,7,0
keenami01c,1994,STL,NHL,1,,48.0,28.0,15.0,5.0,7,3,4,0
keenami01c,1995,STL,NHL,1,,82.0,32.0,34.0,16.0,13,7,6,0
keenami01c,1996,STL,NHL,1,,33.0,15.0,17.0,1.0,,,,
keenami01c,1997,VAN,NHL,2,,63.0,21.0,30.0,12.0,,,,
keenami01c,1998,VAN,NHL,1,,45.0,15.0,24.0,6.0,,,,
keenami01c,2000,BOS,NHL,2,,74.0,33.0,34.0,7.0,,,,
keenami01c,2001,FLO,NHL,2,,56.0,16.0,32.0,8.0,,,,
keenami01c,2002,FLO,NHL,1,,82.0,24.0,45.0,13.0,,,,
keenami01c,2003,FLO,NHL,1,,15.0,5.0,8.0,2.0,,,,
keenami01c,2007,CAL,NHL,1,,82.0,42.0,30.0,10.0,7,3,4,0
keenami01c,2008,CAL,NHL,1,,82.0,46.0,30.0,6.0,6,2,4,0
kehoeri01c,2001,PIT,NHL,2,,78.0,28.0,42.0,8.0,,,,
kehoeri01c,2002,PIT,NHL,1,,82.0,27.0,49.0,6.0,,,,
kelleja01c,1972,NEW,WHA,1,,78.0,46.0,30.0,2.0,15,12,3,0
kelleja01c,1974,NEW,WHA,2,,5.0,3.0,2.0,0.0,6,2,4,0
kelleja01c,1975,NEW,WHA,1,,33.0,14.0,16.0,3.0,,,,
kellypa01c,1976,BIR,WHA,2,,57.0,24.0,30.0,3.0,,,,
kellypa01c,1977,COR,NHL,1,,80.0,19.0,40.0,21.0,2,0,2,0
kellypa01c,1978,COR,NHL,1,,21.0,3.0,14.0,4.0,,,,
kellyre01c,1967,LAK,NHL,1,,74.0,31.0,33.0,10.0,7,3,4,0
kellyre01c,1968,LAK,NHL,1,,76.0,24.0,42.0,10.0,11,4,7,0
kellyre01c,1969,PIT,NHL,1,,76.0,26.0,38.0,12.0,10,6,4,0
kellyre01c,1970,PIT,NHL,1,,78.0,21.0,37.0,20.0,,,,
kellyre01c,1971,PIT,NHL,1,,78.0,26.0,38.0,14.0,4,0,4,0
kellyre01c,1972,PIT,NHL,1,,42.0,17.0,19.0,6.0,,,,
kellyre01c,1973,TOR,NHL,1,,78.0,35.0,27.0,16.0,4,0,4,0
kellyre01c,1974,TOR,NHL,1,,80.0,31.0,33.0,16.0,7,2,5,0
kellyre01c,1975,TOR,NHL,1,,80.0,34.0,31.0,15.0,10,5,5,0
kellyre01c,1976,TOR,NHL,1,,80.0,33.0,32.0,15.0,9,4,5,0
kennege01c,1910,MOC,NHA,1,,16.0,8.0,8.0,0.0,,,,
kennege01c,1915,MOC,NHA,1,,24.0,16.0,7.0,1.0,,,,
kennege01c,1916,MOC,NHA,1,,20.0,10.0,10.0,0.0,,,,
kinasra01c,1972,ALB,WHA,1,,78.0,38.0,37.0,3.0,,,,
kingda01c,1992,CAL,NHL,1,,84.0,43.0,30.0,11.0,6,2,4,0
kingda01c,1993,CAL,NHL,1,,84.0,42.0,29.0,13.0,7,3,4,0
kingda01c,1994,CAL,NHL,1,,48.0,24.0,17.0,7.0,7,3,4,0
kingda01c,2000,CBS,NHL,1,,82.0,28.0,45.0,9.0,,,,
kingda01c,2001,CBS,NHL,1,,82.0,22.0,52.0,8.0,,,,
kingda01c,2002,CBS,NHL,1,,40.0,14.0,22.0,4.0,,,,
kingsge01c,1991,SJS,NHL,1,,80.0,17.0,58.0,5.0,,,,
kingsge01c,1992,SJS,NHL,1,,84.0,11.0,71.0,2.0,,,,
kishla01c,1982,HAR,NHL,1,,49.0,12.0,32.0,5.0,,,,
kitchmi01c,2003,STL,NHL,2,,21.0,10.0,7.0,4.0,5,1,4,0
kitchmi01c,2005,STL,NHL,1,,82.0,21.0,46.0,15.0,,,,
kitchmi01c,2006,STL,NHL,1,,28.0,7.0,17.0,4.0,,,,
krommbo01c,1975,WIJ,WHA,1,,81.0,52.0,27.0,2.0,13,12,1,0
krommbo01c,1976,WIJ,WHA,1,,80.0,46.0,32.0,2.0,20,11,9,0
krommbo01c,1977,DET,NHL,1,,80.0,32.0,34.0,14.0,7,3,4,0
krommbo01c,1978,DET,NHL,1,,80.0,23.0,41.0,16.0,,,,
krommbo01c,1979,DET,NHL,1,,71.0,24.0,36.0,11.0,,,,
kurteor01c,1976,VAN,NHL,2,,45.0,16.0,19.0,10.0,,,,
kurteor01c,1977,VAN,NHL,1,,80.0,20.0,43.0,17.0,,,,
laforbi01c,1984,VAN,NHL,1,,20.0,4.0,14.0,2.0,,,,
lalonne01c,1917,MTL,NHL,1,,22.0,13.0,9.0,0.0,2,1,1,0
lalonne01c,1918,MTL,NHL,1,,18.0,10.0,8.0,0.0,10,6,3,1
lalonne01c,1919,MTL,NHL,1,,24.0,13.0,11.0,0.0,,,,
lalonne01c,1920,MTL,NHL,1,,24.0,13.0,11.0,0.0,,,,
lalonne01c,1921,MTL,NHL,1,,7.0,2.0,5.0,0.0,,,,
lalonne01c,1922,SAC,WCHL,1,,30.0,8.0,20.0,2.0,,,,
lalonne01c,1923,SAC,WCHL,1,,30.0,15.0,12.0,3.0,,,,
lalonne01c,1924,SAS,WCHL,1,,28.0,16.0,11.0,1.0,2,0,1,1
lalonne01c,1925,SAS,WCHL,1,,30.0,18.0,11.0,1.0,2,0,1,1
lalonne01c,1926,NYA,NHL,1,,44.0,17.0,25.0,2.0,,,,
lalonne01c,1929,OTS,NHL,1,,44.0,21.0,15.0,8.0,2,0,1,1
lalonne01c,1930,OTS,NHL,1,,44.0,10.0,30.0,4.0,,,,
lalonne01c,1932,MTL,NHL,1,,48.0,18.0,25.0,5.0,2,0,1,1
lalonne01c,1933,MTL,NHL,1,,48.0,22.0,20.0,6.0,2,0,1,1
lalonne01c,1934,MTL,NHL,1,,16.0,5.0,8.0,3.0,,,,
lamorlo01c,2005,NJD,NHL,2,,50.0,32.0,14.0,4.0,9,5,4,0
lamorlo01c,2006,NJD,NHL,2,,3.0,2.0,0.0,1.0,11,5,6,0
laperja01c,1995,MTL,NHL,2,,1.0,0.0,1.0,0.0,,,,
lapoiro01c,1987,QUE,NHL,2,,56.0,22.0,30.0,4.0,,,,
lapoiro01c,1988,QUE,NHL,1,,33.0,11.0,20.0,2.0,,,,
lavioja01c,1909,LES,NHA,1,,12.0,2.0,10.0,0.0,,,,
laviope01c,2001,NYI,NHL,1,,82.0,42.0,32.0,8.0,7,3,4,0
laviope01c,2002,NYI,NHL,1,,82.0,35.0,36.0,11.0,5,1,4,0
laviope01c,2003,CAR,NHL,2,,52.0,20.0,26.0,6.0,,,,
laviope01c,2005,CAR,NHL,1,,82.0,52.0,22.0,8.0,25,16,9,0
laviope01c,2006,CAR,NHL,1,,82.0,40.0,34.0,8.0,,,,
laviope01c,2007,CAR,NHL,1,,82.0,43.0,33.0,6.0,,,,
laviope01c,2008,CAR,NHL,1,,25.0,12.0,11.0,2.0,,,,
laviope01c,2009,PHI,NHL,2,,57.0,28.0,24.0,5.0,23,14,9,0
laviope01c,2010,PHI,NHL,1,,82.0,47.0,23.0,12.0,11,4,7,0
laviope01c,2011,PHI,NHL,1,,82.0,47.0,26.0,9.0,11,5,6,0
laycoha01c,1969,LAK,NHL,1,,24.0,5.0,18.0,1.0,,,,
laycoha01c,1970,VAN,NHL,1,,78.0,24.0,46.0,8.0,,,,
laycoha01c,1971,VAN,NHL,1,,78.0,20.0,50.0,8.0,,,,
leducbo01c,1974,TOT,WHA,2,,37.0,20.0,16.0,1.0,6,2,4,0
legergi01c,1975,TOT,WHA,2,,26.0,9.0,17.0,0.0,,,,
legergi01c,1976,BIR,WHA,1,,24.0,7.0,16.0,1.0,,,,
lehmahu01c,1927,CHI,NHL,2,,21.0,3.0,17.0,1.0,,,,
lemaija01c,1983,MTL,NHL,2,,17.0,7.0,10.0,0.0,15,9,6,0
lemaija01c,1984,MTL,NHL,1,,80.0,41.0,27.0,12.0,12,6,6,0
lemaija01c,1993,NJD,NHL,1,,84.0,47.0,25.0,12.0,20,11,9,0
lemaija01c,1994,NJD,NHL,1,,48.0,22.0,18.0,8.0,20,16,4,0
lemaija01c,1995,NJD,NHL,1,,82.0,37.0,33.0,12.0,,,,
lemaija01c,1996,NJD,NHL,1,,82.0,45.0,23.0,14.0,10,5,5,0
lemaija01c,1997,NJD,NHL,1,,82.0,48.0,23.0,11.0,6,2,4,0
lemaija01c,2000,MIN,NHL,1,,82.0,25.0,44.0,13.0,,,,
lemaija01c,2001,MIN,NHL,1,,82.0,26.0,44.0,12.0,,,,
lemaija01c,2002,MIN,NHL,1,,82.0,42.0,30.0,10.0,18,8,10,0
lemaija01c,2003,MIN,NHL,1,,82.0,30.0,32.0,20.0,,,,
lemaija01c,2005,MIN,NHL,1,,82.0,38.0,36.0,8.0,,,,
lemaija01c,2006,MIN,NHL,1,,82.0,48.0,26.0,8.0,5,1,4,0
lemaija01c,2007,MIN,NHL,1,,82.0,44.0,28.0,10.0,6,2,4,0
lemaija01c,2008,MIN,NHL,1,,82.0,40.0,33.0,9.0,,,,
lemaija01c,2009,NJD,NHL,1,,82.0,48.0,27.0,7.0,5,1,4,0
lemaija01c,2010,NJD,NHL,2,,49.0,29.0,17.0,3.0,,,,
lepinpi01c,1939,MTL,NHL,1,,48.0,10.0,33.0,5.0,,,,
lesuepe01c,1923,HAM,NHL,1,,10.0,3.0,7.0,0.0,,,,
lewisda01c,1998,DET,NHL,1,co-coach with Barry Smith,5.0,4.0,1.0,0.0,,,,
lewisda01c,2002,DET,NHL,1,,82.0,48.0,24.0,10.0,4,0,4,0
lewisda01c,2003,DET,NHL,1,,82.0,48.0,23.0,11.0,12,6,6,0
lewisda01c,2006,BOS,NHL,1,,82.0,35.0,41.0,6.0,,,,
leyri01c,1989,HAR,NHL,1,,80.0,38.0,33.0,9.0,7,3,4,0
leyri01c,1990,HAR,NHL,1,,80.0,31.0,38.0,11.0,6,2,4,0
leyri01c,1994,VAN,NHL,1,,48.0,18.0,18.0,12.0,11,4,7,0
leyri01c,1995,VAN,NHL,1,,76.0,29.0,32.0,15.0,,,,
lindste01c,1979,DET,NHL,2,,9.0,2.0,7.0,0.0,,,,
lindste01c,1980,DET,NHL,1,,20.0,3.0,14.0,3.0,,,,
livined01c,1915,TBS,NHA,1,,24.0,9.0,14.0,1.0,,,,
livined01c,1916,TBS,NHA,1,,14.0,7.0,7.0,0.0,,,,
longba01c,1983,WIN,NHL,3,,59.0,25.0,25.0,9.0,3,0,3,0
longba01c,1984,WIN,NHL,1,,80.0,43.0,27.0,10.0,8,3,5,0
longba01c,1985,WIN,NHL,1,,66.0,19.0,41.0,6.0,,,,
loughcl01c,1934,CHI,NHL,1,,48.0,26.0,17.0,5.0,2,0,1,1
loughcl01c,1935,CHI,NHL,1,,48.0,21.0,19.0,8.0,2,1,1,0
loughcl01c,1936,CHI,NHL,1,,48.0,14.0,27.0,7.0,,,,
loweke01c,1999,EDM,NHL,1,,82.0,32.0,34.0,16.0,5,1,4,0
lowro01c,1994,EDM,NHL,2,,13.0,5.0,7.0,1.0,,,,
lowro01c,1995,EDM,NHL,1,,82.0,30.0,44.0,8.0,,,,
lowro01c,1996,EDM,NHL,1,,82.0,36.0,37.0,9.0,12,5,7,0
lowro01c,1997,EDM,NHL,1,,82.0,35.0,37.0,10.0,12,5,7,0
lowro01c,1998,EDM,NHL,1,,82.0,33.0,37.0,12.0,4,0,4,0
lowro01c,2000,NYR,NHL,1,,82.0,33.0,44.0,5.0,,,,
lowro01c,2001,NYR,NHL,1,,82.0,36.0,42.0,4.0,,,,
ludzist01c,1999,TBL,NHL,1,,82.0,19.0,54.0,9.0,,,,
ludzist01c,2000,TBL,NHL,1,,39.0,12.0,22.0,5.0,,,,
macdopa01c,1973,MNS,NHL,2,,61.0,20.0,30.0,11.0,,,,
macdopa01c,1981,LAK,NHL,1,,42.0,13.0,24.0,5.0,,,,
macledo02c,1995,FLO,NHL,1,,82.0,41.0,31.0,10.0,22,12,10,0
macledo02c,1996,FLO,NHL,1,,82.0,35.0,28.0,19.0,5,1,4,0
macledo02c,1997,FLO,NHL,1,,23.0,7.0,12.0,4.0,,,,
macledo02c,2002,CBS,NHL,2,,42.0,15.0,23.0,4.0,,,,
macledo02c,2003,CBS,NHL,1,,37.0,9.0,24.0,4.0,,,,
maclejo01c,2010,NJD,NHL,1,,33.0,9.0,22.0,2.0,,,,
maclepa01c,2011,OTT,NHL,1,,82.0,41.0,31.0,10.0,7,3,4,0
macmibi01c,1980,COR,NHL,1,,80.0,22.0,45.0,13.0,,,,
macmibi01c,1982,NJD,NHL,1,,80.0,17.0,49.0,14.0,,,,
macmibi01c,1983,NJD,NHL,1,,20.0,2.0,18.0,0.0,,,,
macneal01c,1970,MTL,NHL,2,,55.0,31.0,15.0,9.0,20,12,8,0
macneal01c,1979,ATF,NHL,1,,80.0,35.0,32.0,13.0,4,1,3,0
macneal01c,1980,CAL,NHL,1,,80.0,39.0,27.0,14.0,16,9,7,0
macneal01c,1981,CAL,NHL,1,,80.0,29.0,34.0,17.0,3,0,3,0
macneal01c,2002,CAL,NHL,2,,11.0,4.0,5.0,2.0,,,,
mactacr01c,2000,EDM,NHL,1,,82.0,39.0,31.0,12.0,6,2,4,0
mactacr01c,2001,EDM,NHL,1,,82.0,38.0,32.0,12.0,,,,
mactacr01c,2002,EDM,NHL,1,,82.0,36.0,35.0,11.0,6,2,4,0
mactacr01c,2003,EDM,NHL,1,,82.0,36.0,34.0,12.0,,,,
mactacr01c,2005,EDM,NHL,1,,82.0,41.0,28.0,13.0,24,15,9,0
mactacr01c,2006,EDM,NHL,1,,82.0,32.0,43.0,7.0,,,,
mactacr01c,2007,EDM,NHL,1,,82.0,41.0,35.0,6.0,,,,
mactacr01c,2008,EDM,NHL,1,,82.0,38.0,35.0,9.0,,,,
magnuke01c,1980,CHI,NHL,1,,80.0,31.0,33.0,16.0,3,0,3,0
magnuke01c,1981,CHI,NHL,1,,52.0,18.0,24.0,10.0,,,,
mahonbi01c,1983,MNS,NHL,1,,80.0,39.0,31.0,10.0,16,7,9,0
mahonbi01c,1984,MNS,NHL,1,,13.0,3.0,8.0,2.0,,,,
malonda01c,1984,TOR,NHL,1,,80.0,20.0,52.0,8.0,,,,
malonda01c,1985,TOR,NHL,1,,80.0,25.0,48.0,7.0,10,6,4,0
malonda01c,1986,WIN,NHL,1,,80.0,40.0,32.0,8.0,10,4,6,0
malonda01c,1987,WIN,NHL,1,,80.0,33.0,36.0,11.0,5,1,4,0
malonda01c,1988,WIN,NHL,1,,52.0,18.0,25.0,9.0,,,,
malonph01c,1973,VAN,NHL,2,,37.0,15.0,18.0,4.0,,,,
malonph01c,1974,VAN,NHL,1,,80.0,38.0,32.0,10.0,5,1,4,0
malonph01c,1975,VAN,NHL,1,,80.0,33.0,32.0,15.0,2,0,2,0
malonph01c,1976,VAN,NHL,1,,35.0,9.0,23.0,3.0,,,,
manthsy01c,1935,MTL,NHL,1,,48.0,11.0,26.0,11.0,,,,
marshbe01c,1981,COR,NHL,1,,24.0,3.0,17.0,4.0,,,,
marshja02c,1913,TBS,NHA,1,,20.0,13.0,7.0,0.0,,,,
marshja02c,1914,TBS,NHA,1,,20.0,8.0,12.0,0.0,,,,
martija02c,1986,STL,NHL,1,,80.0,32.0,33.0,15.0,6,2,4,0
martija02c,1987,STL,NHL,1,,80.0,34.0,38.0,8.0,10,5,5,0
martija02c,1995,OTT,NHL,3,,38.0,10.0,24.0,4.0,,,,
martija02c,1996,OTT,NHL,1,,82.0,31.0,36.0,15.0,7,3,4,0
martija02c,1997,OTT,NHL,1,,82.0,34.0,33.0,15.0,11,5,6,0
martija02c,1998,OTT,NHL,1,,82.0,44.0,23.0,15.0,4,0,4,0
martija02c,1999,OTT,NHL,1,,82.0,41.0,30.0,11.0,6,2,4,0
martija02c,2000,OTT,NHL,1,,82.0,48.0,25.0,9.0,4,0,4,0
martija02c,2001,OTT,NHL,1,,80.0,38.0,33.0,9.0,,,,
martija02c,2001,OTT,NHL,3,,,,,,12,7,5,0
martija02c,2002,OTT,NHL,1,,82.0,52.0,22.0,8.0,18,11,7,0
martija02c,2003,OTT,NHL,1,,82.0,43.0,29.0,10.0,7,3,4,0
martija02c,2005,FLO,NHL,1,,82.0,37.0,34.0,11.0,,,,
martija02c,2006,FLO,NHL,1,,82.0,35.0,31.0,16.0,,,,
martija02c,2007,FLO,NHL,1,,82.0,38.0,35.0,9.0,,,,
martija02c,2009,MTL,NHL,1,,82.0,39.0,33.0,10.0,19,9,10,0
martija02c,2010,MTL,NHL,1,,82.0,44.0,30.0,8.0,7,3,4,0
martija02c,2011,MTL,NHL,1,,32.0,13.0,12.0,7.0,,,,
mathego01c,1932,CHI,NHL,1,,2.0,0.0,2.0,0.0,,,,
mauripa01c,1995,HAR,NHL,2,,70.0,29.0,33.0,8.0,,,,
mauripa01c,1996,HAR,NHL,1,,82.0,32.0,39.0,11.0,,,,
mauripa01c,1997,CAR,NHL,1,,82.0,33.0,41.0,8.0,,,,
mauripa01c,1998,CAR,NHL,1,,82.0,34.0,30.0,18.0,6,2,4,0
mauripa01c,1999,CAR,NHL,1,,82.0,37.0,35.0,10.0,,,,
mauripa01c,2000,CAR,NHL,1,,82.0,38.0,35.0,9.0,6,2,4,0
mauripa01c,2001,CAR,NHL,1,,82.0,35.0,31.0,16.0,23,13,10,0
mauripa01c,2002,CAR,NHL,1,,82.0,22.0,49.0,11.0,,,,
mauripa01c,2003,CAR,NHL,1,,30.0,8.0,14.0,8.0,,,,
mauripa01c,2006,TOR,NHL,1,,82.0,40.0,31.0,11.0,,,,
mauripa01c,2007,TOR,NHL,1,,82.0,36.0,35.0,11.0,,,,
mauripa01c,2008,CAR,NHL,2,,57.0,33.0,19.0,5.0,18,8,10,0
mauripa01c,2009,CAR,NHL,1,,82.0,35.0,37.0,10.0,,,,
mauripa01c,2010,CAR,NHL,1,,82.0,40.0,31.0,11.0,,,,
mauripa01c,2011,CAR,NHL,1,,25.0,8.0,13.0,4.0,,,,
maxnewa01c,1980,DET,NHL,2,,60.0,16.0,29.0,15.0,,,,
maxnewa01c,1981,DET,NHL,1,,69.0,18.0,39.0,12.0,,,,
mayorbo01c,1977,SOV,WHA,1,,8.0,3.0,4.0,1.0,,,,
mayorbo01c,1978,SOV,WHA,1,,6.0,4.0,1.0,1.0,,,,
mccambo01c,1978,PHI,NHL,1,,50.0,22.0,17.0,11.0,,,,
mccambo01c,1981,PHI,NHL,2,,8.0,4.0,2.0,2.0,4,1,3,0
mccambo01c,1982,PHI,NHL,1,,80.0,49.0,23.0,8.0,3,0,3,0
mccambo01c,1983,PHI,NHL,1,,80.0,44.0,26.0,10.0,3,0,3,0
mccambo01c,1987,VAN,NHL,1,,80.0,25.0,46.0,9.0,,,,
mccambo01c,1988,VAN,NHL,1,,80.0,33.0,39.0,8.0,7,3,4,0
mccambo01c,1989,VAN,NHL,1,,80.0,25.0,41.0,14.0,,,,
mccambo01c,1990,VAN,NHL,1,,54.0,19.0,30.0,5.0,,,,
mccarja01c,1973,MFS,WHA,2,interim,2.0,2.0,0.0,0.0,,,,
mccarja01c,1974,MFS,WHA,2,interim,1.0,0.0,1.0,0.0,,,,
mccaste01c,1973,LAS,WHA,2,,59.0,20.0,39.0,0.0,,,,
mccrebi01c,1971,STL,NHL,2,,24.0,6.0,14.0,4.0,,,,
mccrebi01c,1973,VAN,NHL,1,,41.0,9.0,25.0,7.0,,,,
mccrebi01c,1974,CLF,NHL,2,,32.0,8.0,20.0,4.0,,,,
mcguipe01c,1993,HAR,NHL,2,,67.0,23.0,37.0,7.0,,,,
mckenjo01c,1972,PHB,WHA,1,,7.0,1.0,6.0,0.0,,,,
mckenjo01c,1973,VAB,WHA,1,,7.0,3.0,4.0,0.0,,,,
mckenke01c,1921,EDE,WCHL,1,,24.0,15.0,9.0,0.0,2,0,1,1
mckenke01c,1922,EDE,WCHL,1,,30.0,19.0,10.0,1.0,4,1,2,1
mckenke01c,1923,EDE,WCHL,1,,30.0,11.0,15.0,4.0,,,,
mckenke01c,1924,EDE,WCHL,1,,28.0,14.0,13.0,1.0,,,,
mckenke01c,1925,EDE,WCHL,1,,30.0,19.0,11.0,0.0,2,0,1,1
mcleljo01c,1969,TOR,NHL,1,,76.0,29.0,34.0,13.0,,,,
mcleljo01c,1970,TOR,NHL,1,,78.0,37.0,33.0,8.0,6,2,4,0
mcleljo01c,1971,TOR,NHL,1,,78.0,33.0,31.0,14.0,5,1,4,0
mcleljo01c,1972,TOR,NHL,1,,78.0,27.0,41.0,10.0,,,,
mclelto01c,2008,SJS,NHL,1,,82.0,53.0,18.0,11.0,6,2,4,0
mclelto01c,2009,SJS,NHL,1,,82.0,51.0,20.0,11.0,15,8,7,0
mclelto01c,2010,SJS,NHL,1,,82.0,48.0,25.0,9.0,18,9,9,0
mclelto01c,2011,SJS,NHL,1,,82.0,43.0,29.0,10.0,5,1,4,0
mcnamho01c,1916,TOB,NHA,1,,14.0,7.0,7.0,0.0,,,,
mcvieto01c,1975,WAS,NHL,2,,44.0,8.0,31.0,5.0,,,,
mcvieto01c,1976,WAS,NHL,1,,80.0,24.0,42.0,14.0,,,,
mcvieto01c,1977,WAS,NHL,1,,80.0,17.0,49.0,14.0,,,,
mcvieto01c,1978,WIJ,WHA,2,,19.0,11.0,8.0,0.0,10,8,2,0
mcvieto01c,1979,WIN,NHL,1,,77.0,19.0,47.0,11.0,,,,
mcvieto01c,1980,WIN,NHL,1,,28.0,1.0,20.0,7.0,,,,
mcvieto01c,1983,NJD,NHL,2,,60.0,15.0,38.0,7.0,,,,
mcvieto01c,1990,NJD,NHL,2,,13.0,4.0,5.0,4.0,7,3,4,0
mcvieto01c,1991,NJD,NHL,1,,80.0,38.0,31.0,11.0,7,3,4,0
meekeho01c,1956,TOR,NHL,1,,70.0,21.0,34.0,15.0,,,,
melroba01c,1992,LAK,NHL,1,,84.0,39.0,35.0,10.0,24,13,11,0
melroba01c,1993,LAK,NHL,1,,84.0,27.0,45.0,12.0,,,,
melroba01c,1994,LAK,NHL,1,,41.0,13.0,21.0,7.0,,,,
melroba01c,2008,TBL,NHL,1,,16.0,5.0,7.0,4.0,,,,
milbumi01c,1989,BOS,NHL,1,,80.0,46.0,25.0,9.0,21,13,8,0
milbumi01c,1990,BOS,NHL,1,,80.0,44.0,24.0,12.0,19,10,9,0
milbumi01c,1995,NYI,NHL,1,,82.0,22.0,50.0,10.0,,,,
milbumi01c,1996,NYI,NHL,1,,45.0,13.0,23.0,9.0,,,,
milbumi01c,1997,NYI,NHL,2,,19.0,8.0,9.0,2.0,,,,
milbumi01c,1998,NYI,NHL,1,,45.0,13.0,29.0,3.0,,,,
mollelo01c,1998,CHI,NHL,2,,23.0,13.0,6.0,4.0,,,,
mollelo01c,1999,CHI,NHL,1,,24.0,5.0,15.0,4.0,,,,
moorege01c,1974,IND,WHA,1,,78.0,18.0,57.0,3.0,,,,
moorege01c,1975,IND,WHA,1,,5.0,1.0,4.0,0.0,,,,
muckljo01c,1968,MNS,NHL,2,,35.0,6.0,23.0,6.0,,,,
muckljo01c,1989,EDM,NHL,1,,80.0,38.0,28.0,14.0,22,16,6,0
muckljo01c,1990,EDM,NHL,1,,80.0,37.0,37.0,6.0,18,9,9,0
muckljo01c,1991,BUF,NHL,2,,52.0,22.0,22.0,8.0,7,3,4,0
muckljo01c,1992,BUF,NHL,1,,84.0,38.0,36.0,10.0,8,4,4,0
muckljo01c,1993,BUF,NHL,1,,84.0,43.0,32.0,9.0,7,3,4,0
muckljo01c,1994,BUF,NHL,1,,48.0,22.0,19.0,7.0,5,1,4,0
muckljo01c,1997,NYR,NHL,2,,25.0,8.0,15.0,2.0,,,,
muckljo01c,1998,NYR,NHL,1,,82.0,33.0,38.0,11.0,,,,
muckljo01c,1999,NYR,NHL,1,,78.0,29.0,38.0,11.0,,,,
muldope01c,1913,NWR,PCHA,1,,16.0,7.0,9.0,0.0,,,,
muldope01c,1914,PO1,PCHA,1,,18.0,9.0,9.0,0.0,,,,
muldope01c,1915,SEA,PCHA,1,,18.0,9.0,9.0,0.0,,,,
muldope01c,1916,SEA,PCHA,1,,24.0,16.0,8.0,0.0,4,3,1,0
muldope01c,1917,SEA,PCHA,1,,18.0,11.0,7.0,0.0,2,0,1,1
muldope01c,1918,SEA,PCHA,1,,20.0,11.0,9.0,0.0,7,3,3,1
muldope01c,1919,SEA,PCHA,1,,22.0,12.0,10.0,0.0,7,3,4,0
muldope01c,1920,SEA,PCHA,1,,24.0,12.0,11.0,1.0,2,0,2,0
muldope01c,1921,SEA,PCHA,1,,24.0,12.0,11.0,1.0,2,0,2,0
muldope01c,1922,SEA,PCHA,1,,30.0,15.0,15.0,0.0,,,,
muldope01c,1923,SEA,PCHA,1,,30.0,14.0,16.0,0.0,2,0,1,1
muldope01c,1925,POR,WCHL,1,,30.0,12.0,16.0,2.0,,,,
muldope01c,1926,CHI,NHL,1,,44.0,19.0,22.0,3.0,2,0,1,1
mulleki01c,2011,CAR,NHL,2,,57.0,25.0,20.0,12.0,,,,
munrodu01c,1929,MTM,NHL,1,,44.0,23.0,16.0,5.0,4,1,3,0
munrodu01c,1930,MTM,NHL,1,,32.0,14.0,13.0,5.0,,,,
murdobo01c,1987,CHI,NHL,1,,80.0,30.0,41.0,9.0,5,1,4,0
murdobo01c,1989,WIN,NHL,1,,80.0,37.0,32.0,11.0,7,3,4,0
murdobo01c,1990,WIN,NHL,1,,80.0,26.0,43.0,11.0,,,,
murphji01c,1913,TOO,NHA,1,,20.0,4.0,16.0,0.0,,,,
murphji01c,1914,TOO,NHA,1,,20.0,7.0,13.0,0.0,,,,
murphmi01c,1986,LAK,NHL,2,,38.0,13.0,21.0,4.0,5,1,4,0
murphmi01c,1987,LAK,NHL,1,,27.0,7.0,16.0,4.0,,,,
murphmi01c,1996,TOR,NHL,1,,82.0,30.0,44.0,8.0,,,,
murphmi01c,1997,TOR,NHL,1,,82.0,30.0,43.0,9.0,,,,
murraan01c,1999,LAK,NHL,1,,82.0,39.0,31.0,12.0,4,0,4,0
murraan01c,2000,LAK,NHL,1,,82.0,38.0,31.0,13.0,13,7,6,0
murraan01c,2001,LAK,NHL,1,,82.0,40.0,31.0,11.0,7,3,4,0
murraan01c,2002,LAK,NHL,1,,82.0,33.0,43.0,6.0,,,,
murraan01c,2003,LAK,NHL,1,,82.0,28.0,38.0,16.0,,,,
murraan01c,2005,LAK,NHL,1,,70.0,37.0,28.0,5.0,,,,
murraan01c,2006,STL,NHL,2,,54.0,27.0,18.0,9.0,,,,
murraan01c,2007,STL,NHL,1,,82.0,33.0,36.0,13.0,,,,
murraan01c,2008,STL,NHL,1,,82.0,41.0,31.0,10.0,4,0,4,0
murraan01c,2009,STL,NHL,1,,40.0,17.0,17.0,6.0,,,,
murrabr01c,1981,WAS,NHL,3,,66.0,25.0,28.0,13.0,,,,
murrabr01c,1982,WAS,NHL,1,,80.0,39.0,25.0,16.0,4,1,3,0
murrabr01c,1983,WAS,NHL,1,,80.0,48.0,27.0,5.0,8,4,4,0
murrabr01c,1984,WAS,NHL,1,,80.0,46.0,25.0,9.0,5,2,3,0
murrabr01c,1985,WAS,NHL,1,,80.0,50.0,23.0,7.0,9,5,4,0
murrabr01c,1986,WAS,NHL,1,,80.0,38.0,32.0,10.0,7,3,4,0
murrabr01c,1987,WAS,NHL,1,,80.0,38.0,33.0,9.0,14,7,7,0
murrabr01c,1988,WAS,NHL,1,,80.0,41.0,29.0,10.0,6,2,4,0
murrabr01c,1989,WAS,NHL,1,,46.0,18.0,24.0,4.0,,,,
murrabr01c,1990,DET,NHL,1,,80.0,34.0,38.0,8.0,7,3,4,0
murrabr01c,1991,DET,NHL,1,,80.0,43.0,25.0,12.0,11,4,7,0
murrabr01c,1992,DET,NHL,1,,84.0,47.0,28.0,9.0,7,3,4,0
murrabr01c,1997,FLO,NHL,2,,59.0,17.0,31.0,11.0,,,,
murrabr01c,2001,ANA,NHL,1,,82.0,29.0,45.0,8.0,,,,
murrabr01c,2005,OTT,NHL,1,,82.0,52.0,21.0,9.0,10,5,5,0
murrabr01c,2006,OTT,NHL,1,,82.0,48.0,25.0,9.0,20,13,7,0
murrabr01c,2007,OTT,NHL,2,,18.0,7.0,9.0,2.0,4,0,4,0
murrate01c,1989,WAS,NHL,2,,34.0,18.0,14.0,2.0,15,8,7,0
murrate01c,1990,WAS,NHL,1,,80.0,37.0,36.0,7.0,11,5,6,0
murrate01c,1991,WAS,NHL,1,,80.0,45.0,27.0,8.0,7,3,4,0
murrate01c,1992,WAS,NHL,1,,84.0,43.0,34.0,7.0,6,2,4,0
murrate01c,1993,WAS,NHL,1,,47.0,20.0,23.0,4.0,,,,
murrate01c,1994,PHI,NHL,1,,48.0,28.0,16.0,4.0,15,10,5,0
murrate01c,1995,PHI,NHL,1,,82.0,45.0,24.0,13.0,12,6,6,0
murrate01c,1996,PHI,NHL,1,,82.0,45.0,24.0,13.0,19,12,7,0
murrate01c,1998,FLO,NHL,1,,82.0,30.0,34.0,18.0,,,,
murrate01c,1999,FLO,NHL,1,,82.0,43.0,33.0,6.0,4,0,4,0
murrate01c,2000,FLO,NHL,1,,36.0,6.0,23.0,7.0,,,,
murrate01c,2008,LAK,NHL,1,,82.0,34.0,37.0,11.0,,,,
murrate01c,2009,LAK,NHL,1,,82.0,46.0,27.0,9.0,6,2,4,0
murrate01c,2010,LAK,NHL,1,,82.0,46.0,30.0,6.0,6,2,4,0
murrate01c,2011,LAK,NHL,1,,29.0,13.0,12.0,4.0,,,,
nannelo01c,1977,MNS,NHL,3,,29.0,7.0,18.0,4.0,,,,
nealeha01c,1972,MFS,WHA,2,,19.0,10.0,9.0,0.0,6,1,4,0
nealeha01c,1973,MFS,WHA,1,,76.0,42.0,32.0,2.0,11,6,5,0
nealeha01c,1974,MFS,WHA,1,,77.0,42.0,32.0,3.0,12,6,6,0
nealeha01c,1975,MFS,WHA,1,,59.0,30.0,25.0,4.0,,,,
nealeha01c,1975,NEW,WHA,3,,12.0,5.0,6.0,1.0,17,10,7,0
nealeha01c,1976,NEW,WHA,1,,81.0,35.0,40.0,6.0,5,1,4,0
nealeha01c,1977,NEW,WHA,1,,80.0,44.0,31.0,5.0,14,8,6,0
nealeha01c,1978,VAN,NHL,1,,80.0,25.0,42.0,13.0,3,1,2,0
nealeha01c,1979,VAN,NHL,1,,80.0,27.0,37.0,16.0,4,1,3,0
nealeha01c,1980,VAN,NHL,1,,80.0,28.0,32.0,20.0,3,0,3,0
nealeha01c,1981,VAN,NHL,1,,75.0,26.0,33.0,16.0,,,,
nealeha01c,1983,VAN,NHL,2,,32.0,15.0,13.0,4.0,4,1,3,0
nealeha01c,1984,VAN,NHL,2,,60.0,21.0,32.0,7.0,,,,
nealeha01c,1985,DET,NHL,1,,35.0,8.0,23.0,4.0,,,,
needhbi01c,1972,CLC,WHA,1,,78.0,43.0,32.0,3.0,9,5,4,0
needhbi01c,1973,CLC,WHA,1,,78.0,37.0,32.0,9.0,5,1,4,0
neilsro01c,1977,TOR,NHL,1,,80.0,41.0,29.0,10.0,13,6,7,0
neilsro01c,1978,TOR,NHL,1,,80.0,34.0,33.0,13.0,6,2,4,0
neilsro01c,1980,BUF,NHL,1,,80.0,39.0,20.0,21.0,8,4,4,0
neilsro01c,1981,VAN,NHL,2,,5.0,4.0,0.0,1.0,17,11,6,0
neilsro01c,1982,VAN,NHL,1,,80.0,30.0,35.0,15.0,4,1,3,0
neilsro01c,1983,LAK,NHL,3,,28.0,8.0,17.0,3.0,,,,
neilsro01c,1983,VAN,NHL,1,,48.0,17.0,26.0,5.0,,,,
neilsro01c,1989,NYR,NHL,1,,80.0,36.0,31.0,13.0,10,5,5,0
neilsro01c,1990,NYR,NHL,1,,80.0,36.0,31.0,13.0,6,2,4,0
neilsro01c,1991,NYR,NHL,1,,80.0,50.0,25.0,5.0,13,6,7,0
neilsro01c,1992,NYR,NHL,1,,40.0,19.0,17.0,4.0,,,,
neilsro01c,1993,FLO,NHL,1,,84.0,33.0,34.0,17.0,,,,
neilsro01c,1994,FLO,NHL,1,,48.0,20.0,22.0,6.0,,,,
neilsro01c,1997,PHI,NHL,2,,21.0,10.0,9.0,2.0,5,1,4,0
neilsro01c,1998,PHI,NHL,1,,82.0,37.0,26.0,19.0,6,2,4,0
neilsro01c,1999,PHI,NHL,1,,82.0,45.0,25.0,12.0,18,11,7,0
neilsro01c,2001,OTT,NHL,2,interim,2.0,1.0,1.0,0.0,,,,
nevesst01c,1977,CZE,WHA,1,,8.0,1.0,6.0,1.0,,,,
noelcl01c,2009,CBS,NHL,2,,24.0,10.0,8.0,6.0,,,,
noelcl01c,2011,WPG,NHL,1,,82.0,37.0,35.0,10.0,,,,
nolanch01c,1910,QU1,NHA,1,,16.0,4.0,12.0,0.0,,,,
nolanch01c,1911,QU1,NHA,1,,18.0,10.0,8.0,0.0,,,,
nolante01c,1995,BUF,NHL,1,,82.0,33.0,42.0,7.0,,,,
nolante01c,1996,BUF,NHL,1,,82.0,40.0,30.0,12.0,12,5,7,0
nolante01c,2006,NYI,NHL,1,,82.0,40.0,30.0,12.0,5,1,4,0
nolante01c,2007,NYI,NHL,1,,10.0,6.0,4.0,0.0,,,,
nolante01c,2007,NYI,NHL,3,,71.0,28.0,34.0,9.0,,,,
nykolmi01c,1980,TOR,NHL,2,,40.0,15.0,15.0,10.0,3,0,3,0
nykolmi01c,1981,TOR,NHL,1,,80.0,20.0,44.0,16.0,,,,
nykolmi01c,1982,TOR,NHL,1,,80.0,28.0,40.0,12.0,4,1,3,0
nykolmi01c,1983,TOR,NHL,1,,80.0,26.0,45.0,9.0,,,,
oconnmi01c,2002,BOS,NHL,2,,9.0,3.0,3.0,3.0,5,1,4,0
odonoge01c,1921,TRS,NHL,1,,24.0,13.0,10.0,1.0,7,4,2,1
odonoge01c,1922,TRS,NHL,1,,5.0,2.0,3.0,0.0,,,,
olczyed01c,2003,PIT,NHL,1,,82.0,23.0,51.0,8.0,,,,
olczyed01c,2005,PIT,NHL,1,,31.0,8.0,17.0,6.0,,,,
olivemu01c,1982,MNS,NHL,2,,37.0,18.0,12.0,7.0,9,4,5,0
olmstbe01c,1967,OAK,NHL,1,,64.0,11.0,37.0,16.0,,,,
oreilte01c,1986,BOS,NHL,2,,67.0,34.0,27.0,6.0,4,0,4,0
oreilte01c,1987,BOS,NHL,1,,80.0,44.0,30.0,6.0,23,12,10,1
oreilte01c,1988,BOS,NHL,1,,80.0,37.0,29.0,14.0,10,5,5,0
paddojo01c,1991,WIN,NHL,1,,80.0,33.0,32.0,15.0,7,3,4,0
paddojo01c,1992,WIN,NHL,1,,84.0,40.0,37.0,7.0,6,2,4,0
paddojo01c,1993,WIN,NHL,1,,84.0,24.0,51.0,9.0,,,,
paddojo01c,1994,WIN,NHL,1,,33.0,9.0,18.0,6.0,,,,
paddojo01c,2007,OTT,NHL,1,,64.0,36.0,22.0,6.0,,,,
pagepi01c,1988,MNS,NHL,1,,80.0,27.0,37.0,16.0,5,1,4,0
pagepi01c,1989,MNS,NHL,1,,80.0,36.0,40.0,4.0,7,3,4,0
pagepi01c,1991,QUE,NHL,2,,62.0,17.0,34.0,11.0,,,,
pagepi01c,1992,QUE,NHL,1,,84.0,47.0,27.0,10.0,6,2,4,0
pagepi01c,1993,QUE,NHL,1,,84.0,34.0,42.0,8.0,,,,
pagepi01c,1995,CAL,NHL,1,,82.0,34.0,37.0,11.0,4,0,4,0
pagepi01c,1996,CAL,NHL,1,,82.0,32.0,41.0,9.0,,,,
pagepi01c,1997,ANA,NHL,1,,82.0,26.0,43.0,13.0,,,,
parkbr01c,1985,DET,NHL,2,,45.0,9.0,34.0,2.0,,,,
paterri01c,1997,TBL,NHL,2,interim,6.0,0.0,6.0,0.0,,,,
patricr01c,1980,NYR,NHL,2,,60.0,26.0,23.0,11.0,14,7,7,0
patricr01c,1984,NYR,NHL,2,,35.0,11.0,22.0,2.0,3,0,3,0
patricr01c,1989,PIT,NHL,2,,54.0,22.0,26.0,6.0,,,,
patricr01c,1996,PIT,NHL,2,,20.0,7.0,10.0,3.0,5,1,4,0
patrifr01c,1911,VML,PCHA,1,,15.0,7.0,8.0,0.0,,,,
patrifr01c,1912,VML,PCHA,1,,14.0,7.0,7.0,0.0,,,,
patrifr01c,1913,VML,PCHA,1,,16.0,7.0,9.0,0.0,,,,
patrifr01c,1914,VML,PCHA,1,,17.0,13.0,4.0,0.0,3,3,0,0
patrifr01c,1915,VML,PCHA,1,,18.0,9.0,9.0,0.0,,,,
patrifr01c,1916,VML,PCHA,1,,23.0,14.0,9.0,0.0,,,,
patrifr01c,1917,VML,PCHA,1,,18.0,9.0,9.0,0.0,7,3,3,1
patrifr01c,1918,VML,PCHA,1,,20.0,12.0,8.0,0.0,2,1,1,0
patrifr01c,1919,VML,PCHA,1,,22.0,11.0,11.0,0.0,2,1,1,0
patrifr01c,1920,VML,PCHA,1,,24.0,13.0,11.0,0.0,7,4,3,0
patrifr01c,1921,VML,PCHA,1,,24.0,12.0,12.0,0.0,9,5,4,0
patrifr01c,1922,VAM,PCHA,1,,30.0,17.0,12.0,1.0,6,2,4,0
patrifr01c,1923,VAM,PCHA,1,,30.0,13.0,16.0,1.0,7,2,4,1
patrifr01c,1924,VMR,WCHL,1,,28.0,12.0,16.0,0.0,,,,
patrifr01c,1925,VMR,WCHL,1,,30.0,10.0,18.0,2.0,,,,
patrifr01c,1934,BOS,NHL,1,,48.0,26.0,16.0,6.0,4,1,3,0
patrifr01c,1935,BOS,NHL,1,,48.0,22.0,20.0,6.0,2,1,1,0
patrile01c,1911,VA1,PCHA,1,,16.0,7.0,9.0,0.0,,,,
patrile01c,1912,VA1,PCHA,1,,15.0,10.0,5.0,0.0,3,2,1,0
patrile01c,1913,VA1,PCHA,1,,16.0,10.0,6.0,0.0,3,0,3,0
patrile01c,1914,VA1,PCHA,1,,17.0,4.0,13.0,0.0,,,,
patrile01c,1915,VA1,PCHA,1,,18.0,5.0,13.0,0.0,,,,
patrile01c,1916,SPO,PCHA,1,,23.0,8.0,15.0,0.0,,,,
patrile01c,1918,VA2,PCHA,1,,20.0,7.0,13.0,0.0,,,,
patrile01c,1919,VA2,PCHA,1,,22.0,10.0,12.0,0.0,,,,
patrile01c,1920,VA2,PCHA,1,,24.0,10.0,13.0,1.0,,,,
patrile01c,1921,VA2,PCHA,1,,24.0,11.0,12.0,1.0,,,,
patrile01c,1922,VC1,PCHA,1,,30.0,16.0,14.0,0.0,2,1,1,0
patrile01c,1923,VC1,PCHA,1,,30.0,11.0,18.0,1.0,,,,
patrile01c,1924,VIC,WCHL,1,,28.0,16.0,12.0,0.0,8,5,1,2
patrile01c,1925,VIC,WCHL,1,,30.0,15.0,11.0,4.0,8,3,3,2
patrile01c,1926,NYR,NHL,1,,44.0,25.0,13.0,6.0,2,0,1,1
patrile01c,1927,NYR,NHL,1,,44.0,19.0,16.0,9.0,9,5,3,1
patrile01c,1928,NYR,NHL,1,,44.0,21.0,13.0,10.0,6,3,2,1
patrile01c,1929,NYR,NHL,1,,44.0,17.0,17.0,10.0,4,1,2,1
patrile01c,1930,NYR,NHL,1,,44.0,19.0,16.0,9.0,4,2,2,0
patrile01c,1931,NYR,NHL,1,,48.0,23.0,17.0,8.0,7,3,4,0
patrile01c,1932,NYR,NHL,1,,48.0,23.0,17.0,8.0,8,6,1,1
patrile01c,1933,NYR,NHL,1,,48.0,21.0,19.0,8.0,2,0,1,1
patrile01c,1934,NYR,NHL,1,,48.0,22.0,20.0,6.0,4,2,1,1
patrile01c,1935,NYR,NHL,1,,48.0,19.0,17.0,12.0,,,,
patrile01c,1936,NYR,NHL,1,,48.0,19.0,20.0,9.0,9,6,3,0
patrile01c,1937,NYR,NHL,1,,48.0,27.0,15.0,6.0,3,1,2,0
patrile01c,1938,NYR,NHL,1,,48.0,26.0,16.0,6.0,7,3,4,0
patrily01c,1948,NYR,NHL,2,,37.0,12.0,20.0,5.0,,,,
patrily01c,1949,NYR,NHL,1,,70.0,28.0,31.0,11.0,12,7,5,0
patrily01c,1950,BOS,NHL,1,,70.0,22.0,30.0,18.0,6,1,4,1
patrily01c,1951,BOS,NHL,1,,70.0,25.0,29.0,16.0,7,3,4,0
patrily01c,1952,BOS,NHL,1,,70.0,28.0,29.0,13.0,11,5,6,0
patrily01c,1953,BOS,NHL,1,,70.0,32.0,28.0,10.0,4,0,4,0
patrily01c,1954,BOS,NHL,1,,30.0,10.0,14.0,6.0,,,,
patrily01c,1967,STL,NHL,1,,16.0,4.0,10.0,2.0,,,,
patrily01c,1974,STL,NHL,2,,2.0,1.0,0.0,1.0,,,,
patrily01c,1975,STL,NHL,2,,8.0,3.0,5.0,0.0,,,,
patrimu01c,1953,NYR,NHL,2,,30.0,15.0,11.0,4.0,,,,
patrimu01c,1954,NYR,NHL,1,,70.0,17.0,35.0,18.0,,,,
patrimu01c,1959,NYR,NHL,2,,2.0,0.0,1.0,1.0,,,,
patrimu01c,1962,NYR,NHL,1,,34.0,11.0,19.0,4.0,,,,
payneda01c,2009,STL,NHL,2,,42.0,23.0,15.0,4.0,,,,
payneda01c,2010,STL,NHL,1,,82.0,38.0,33.0,11.0,,,,
payneda01c,2011,STL,NHL,1,,13.0,6.0,7.0,0.0,,,,
perroje01c,1985,MTL,NHL,1,,80.0,40.0,33.0,7.0,20,15,5,0
perroje01c,1986,MTL,NHL,1,,80.0,41.0,29.0,10.0,17,10,7,0
perroje01c,1987,MTL,NHL,1,,80.0,45.0,22.0,13.0,11,5,6,0
perroje01c,1988,QUE,NHL,2,,47.0,16.0,26.0,5.0,,,,
perrydo01c,1981,LAK,NHL,2,,38.0,11.0,17.0,10.0,10,4,6,0
perrydo01c,1982,LAK,NHL,1,,80.0,27.0,41.0,12.0,,,,
perrydo01c,1983,LAK,NHL,1,,50.0,14.0,27.0,9.0,,,,
pikeal01c,1959,NYR,NHL,3,,53.0,14.0,28.0,11.0,,,,
pikeal01c,1960,NYR,NHL,1,,70.0,22.0,38.0,10.0,,,,
pilouru01c,1957,CHI,NHL,2,,37.0,14.0,22.0,1.0,,,,
pilouru01c,1958,CHI,NHL,1,,70.0,28.0,29.0,13.0,6,2,4,0
pilouru01c,1959,CHI,NHL,1,,70.0,28.0,29.0,13.0,4,0,4,0
pilouru01c,1960,CHI,NHL,1,,70.0,29.0,24.0,17.0,12,8,4,0
pilouru01c,1961,CHI,NHL,1,,70.0,31.0,26.0,13.0,12,6,6,0
pilouru01c,1962,CHI,NHL,1,,70.0,32.0,21.0,17.0,6,2,4,0
pilouru01c,1974,WIJ,WHA,1,,37.0,18.0,17.0,2.0,,,,
pilouru01c,1974,WIJ,WHA,3,,28.0,16.0,9.0,3.0,,,,
pindebo01c,1921,SMJ,WCHL,1,,24.0,5.0,19.0,0.0,,,,
plageba01c,1977,STL,NHL,2,,26.0,9.0,11.0,6.0,,,,
plageba01c,1978,STL,NHL,1,,80.0,18.0,50.0,12.0,,,,
plageba01c,1979,STL,NHL,1,,24.0,7.0,14.0,3.0,,,,
plageba01c,1982,STL,NHL,2,,48.0,15.0,21.0,12.0,4,1,3,0
plagebo01c,1992,STL,NHL,1,,11.0,4.0,6.0,1.0,,,,
plantja01c,1973,QUN,WHA,1,,78.0,38.0,36.0,4.0,,,,
playfji01c,2006,CAL,NHL,1,,82.0,43.0,29.0,10.0,6,2,4,0
pleaula01c,1980,HAR,NHL,2,,20.0,6.0,12.0,2.0,,,,
pleaula01c,1981,HAR,NHL,1,,80.0,21.0,41.0,18.0,,,,
pleaula01c,1982,HAR,NHL,2,,18.0,4.0,13.0,1.0,,,,
pleaula01c,1987,HAR,NHL,2,,26.0,13.0,13.0,0.0,6,2,4,0
pleaula01c,1988,HAR,NHL,1,,80.0,37.0,38.0,5.0,4,0,4,0
polanni01c,1982,DET,NHL,1,,80.0,21.0,44.0,15.0,,,,
polanni01c,1983,DET,NHL,1,,80.0,31.0,42.0,7.0,4,1,3,0
polanni01c,1984,DET,NHL,1,,80.0,27.0,41.0,12.0,3,0,3,0
popeila01c,1973,NYR,NHL,1,,41.0,18.0,14.0,9.0,,,,
powered01c,1924,TRS,NHL,1,,30.0,19.0,11.0,0.0,2,0,2,0
powered01c,1925,TRS,NHL,1,,36.0,12.0,21.0,3.0,,,,
primejo01c,1950,TOR,NHL,1,,70.0,41.0,16.0,13.0,11,8,2,1
primejo01c,1951,TOR,NHL,1,,70.0,29.0,25.0,16.0,4,0,4,0
primejo01c,1952,TOR,NHL,1,,70.0,27.0,30.0,13.0,,,,
pronoma01c,1972,CHC,WHA,1,,78.0,26.0,50.0,2.0,,,,
pronoma01c,1977,BUF,NHL,1,,80.0,44.0,19.0,17.0,8,3,5,0
pronoma01c,1978,BUF,NHL,1,,24.0,8.0,10.0,6.0,,,,
pulfobo01c,1972,LAK,NHL,1,,78.0,31.0,36.0,11.0,,,,
pulfobo01c,1973,LAK,NHL,1,,78.0,33.0,33.0,12.0,5,1,4,0
pulfobo01c,1974,LAK,NHL,1,,80.0,42.0,17.0,21.0,3,1,2,0
pulfobo01c,1975,LAK,NHL,1,,80.0,38.0,33.0,9.0,9,5,4,0
pulfobo01c,1976,LAK,NHL,1,,80.0,34.0,31.0,15.0,9,4,5,0
pulfobo01c,1977,CHI,NHL,1,,80.0,32.0,29.0,19.0,4,0,4,0
pulfobo01c,1978,CHI,NHL,1,,80.0,29.0,36.0,15.0,4,0,4,0
pulfobo01c,1981,CHI,NHL,2,,28.0,12.0,14.0,2.0,15,8,7,0
pulfobo01c,1984,CHI,NHL,2,,27.0,16.0,7.0,4.0,15,9,6,0
pulfobo01c,1985,CHI,NHL,1,,80.0,39.0,33.0,8.0,3,0,3,0
pulfobo01c,1986,CHI,NHL,1,,80.0,29.0,37.0,14.0,4,0,4,0
pulfobo01c,1999,CHI,NHL,2,,58.0,28.0,24.0,6.0,,,,
quennjo01c,1996,STL,NHL,3,,40.0,18.0,15.0,7.0,6,2,4,0
quennjo01c,1997,STL,NHL,1,,82.0,45.0,29.0,8.0,10,6,4,0
quennjo01c,1998,STL,NHL,1,,82.0,37.0,32.0,13.0,13,6,7,0
quennjo01c,1999,STL,NHL,1,,82.0,51.0,20.0,11.0,7,3,4,0
quennjo01c,2000,STL,NHL,1,,82.0,43.0,27.0,12.0,15,9,6,0
quennjo01c,2001,STL,NHL,1,,82.0,43.0,31.0,8.0,10,5,5,0
quennjo01c,2002,STL,NHL,1,,82.0,41.0,30.0,11.0,7,3,4,0
quennjo01c,2003,STL,NHL,1,,61.0,29.0,25.0,7.0,,,,
quennjo01c,2005,COL,NHL,1,,82.0,43.0,30.0,9.0,9,4,5,0
quennjo01c,2006,COL,NHL,1,,82.0,44.0,31.0,7.0,,,,
quennjo01c,2007,COL,NHL,1,,82.0,44.0,31.0,7.0,10,4,6,0
quennjo01c,2008,CHI,NHL,2,,78.0,45.0,22.0,11.0,17,9,8,0
quennjo01c,2009,CHI,NHL,1,,82.0,52.0,22.0,8.0,22,16,6,0
quennjo01c,2010,CHI,NHL,1,,82.0,44.0,29.0,9.0,7,3,4,0
quennjo01c,2011,CHI,NHL,1,,82.0,45.0,26.0,11.0,6,2,4,0
querrch01c,1922,TRS,NHL,2,,19.0,11.0,7.0,1.0,,,,
querrch01c,1923,TRS,NHL,1,,24.0,10.0,14.0,0.0,,,,
querrch01c,1926,TRS,NHL,2,,29.0,8.0,17.0,4.0,,,,
quinnmi01c,1912,QU1,NHA,1,,20.0,16.0,4.0,0.0,,,,
quinnmi01c,1913,QU1,NHA,1,,20.0,12.0,8.0,0.0,,,,
quinnmi01c,1914,QU1,NHA,1,,20.0,11.0,9.0,0.0,,,,
quinnmi01c,1915,QU1,NHA,1,,24.0,10.0,12.0,2.0,,,,
quinnmi01c,1916,QU1,NHA,1,,20.0,10.0,10.0,0.0,,,,
quinnmi01c,1919,QUB,NHL,1,,24.0,4.0,20.0,0.0,,,,
quinnpa01c,1978,PHI,NHL,2,,30.0,18.0,8.0,4.0,8,3,5,0
quinnpa01c,1979,PHI,NHL,1,,80.0,48.0,12.0,20.0,19,13,6,0
quinnpa01c,1980,PHI,NHL,1,,80.0,41.0,24.0,15.0,12,6,6,0
quinnpa01c,1981,PHI,NHL,1,,72.0,34.0,29.0,9.0,,,,
quinnpa01c,1984,LAK,NHL,1,,80.0,34.0,32.0,14.0,3,0,3,0
quinnpa01c,1985,LAK,NHL,1,,80.0,23.0,49.0,8.0,,,,
quinnpa01c,1986,LAK,NHL,1,,42.0,18.0,20.0,4.0,,,,
quinnpa01c,1990,VAN,NHL,2,,26.0,9.0,13.0,4.0,6,2,4,0
quinnpa01c,1991,VAN,NHL,1,,80.0,42.0,26.0,12.0,13,6,7,0
quinnpa01c,1992,VAN,NHL,1,,84.0,46.0,29.0,9.0,12,6,6,0
quinnpa01c,1993,VAN,NHL,1,,84.0,41.0,40.0,3.0,24,15,9,0
quinnpa01c,1995,VAN,NHL,2,,6.0,3.0,3.0,0.0,6,2,4,0
quinnpa01c,1998,TOR,NHL,1,,82.0,45.0,30.0,7.0,17,9,8,0
quinnpa01c,1999,TOR,NHL,1,,82.0,45.0,30.0,7.0,12,6,6,0
quinnpa01c,2000,TOR,NHL,1,,82.0,37.0,34.0,11.0,11,7,4,0
quinnpa01c,2001,TOR,NHL,1,,82.0,43.0,29.0,10.0,20,10,10,0
quinnpa01c,2002,TOR,NHL,1,,82.0,44.0,31.0,7.0,7,3,4,0
quinnpa01c,2003,TOR,NHL,1,,82.0,45.0,27.0,10.0,13,6,7,0
quinnpa01c,2005,TOR,NHL,1,,82.0,41.0,33.0,8.0,,,,
quinnpa01c,2009,EDM,NHL,1,,82.0,27.0,47.0,8.0,,,,
raedeca01c,2002,SJS,NHL,2,,1.0,1.0,0.0,0.0,,,,
rafteje01c,1977,CIN,WHA,2,interim,5.0,2.0,3.0,0.0,,,,
ramsacr01c,1986,BUF,NHL,2,,21.0,4.0,15.0,2.0,,,,
ramsacr01c,2000,PHI,NHL,1,,28.0,12.0,12.0,4.0,,,,
ramsacr01c,2010,ATL,NHL,1,,82.0,34.0,36.0,12.0,,,,
randake01c,1923,HAM,NHL,2,,14.0,6.0,8.0,0.0,,,,
reaybi01c,1957,TOR,NHL,1,,70.0,21.0,38.0,11.0,,,,
reaybi01c,1958,TOR,NHL,1,,20.0,5.0,12.0,3.0,,,,
reaybi01c,1963,CHI,NHL,1,,70.0,36.0,22.0,12.0,7,3,4,0
reaybi01c,1964,CHI,NHL,1,,70.0,34.0,28.0,8.0,14,7,7,0
reaybi01c,1965,CHI,NHL,1,,70.0,37.0,25.0,8.0,6,2,4,0
reaybi01c,1966,CHI,NHL,1,,70.0,41.0,17.0,12.0,6,2,4,0
reaybi01c,1967,CHI,NHL,1,,74.0,32.0,26.0,16.0,11,5,6,0
reaybi01c,1968,CHI,NHL,1,,76.0,34.0,33.0,9.0,,,,
reaybi01c,1969,CHI,NHL,1,,76.0,45.0,22.0,9.0,8,4,4,0
reaybi01c,1970,CHI,NHL,1,,78.0,49.0,20.0,9.0,18,11,7,0
reaybi01c,1971,CHI,NHL,1,,78.0,46.0,17.0,15.0,8,4,4,0
reaybi01c,1972,CHI,NHL,1,,78.0,42.0,27.0,9.0,16,10,6,0
reaybi01c,1973,CHI,NHL,1,,78.0,41.0,14.0,23.0,11,6,5,0
reaybi01c,1974,CHI,NHL,1,,80.0,37.0,35.0,8.0,8,3,5,0
reaybi01c,1975,CHI,NHL,1,,80.0,32.0,30.0,18.0,4,0,4,0
reaybi01c,1976,CHI,NHL,1,,34.0,10.0,19.0,5.0,,,,
reganla01c,1970,LAK,NHL,1,,78.0,25.0,40.0,13.0,,,,
reganla01c,1971,LAK,NHL,1,,10.0,2.0,7.0,1.0,,,,
renneto01c,1996,VAN,NHL,1,,82.0,35.0,40.0,7.0,,,,
renneto01c,1997,VAN,NHL,1,,19.0,4.0,13.0,2.0,,,,
renneto01c,2003,NYR,NHL,2,,20.0,5.0,15.0,0.0,,,,
renneto01c,2005,NYR,NHL,1,,82.0,44.0,26.0,12.0,4,0,4,0
renneto01c,2006,NYR,NHL,1,,82.0,42.0,30.0,10.0,10,6,4,0
renneto01c,2007,NYR,NHL,1,,82.0,42.0,27.0,13.0,10,5,5,0
renneto01c,2008,NYR,NHL,1,,61.0,31.0,23.0,7.0,,,,
renneto01c,2010,EDM,NHL,1,,82.0,25.0,45.0,12.0,,,,
renneto01c,2011,EDM,NHL,1,,82.0,32.0,40.0,10.0,,,,
richama01c,1972,QUN,WHA,1,,2.0,1.0,1.0,0.0,,,,
richato01c,2009,MIN,NHL,1,,82.0,38.0,36.0,8.0,,,,
richato01c,2010,MIN,NHL,1,,82.0,39.0,35.0,8.0,,,,
richato01c,2011,CBS,NHL,2,,41.0,18.0,21.0,2.0,,,,
ridpabr01c,1912,TBS,NHA,1,,20.0,9.0,11.0,0.0,,,,
risebdo01c,1990,CAL,NHL,1,,80.0,46.0,26.0,8.0,7,3,4,0
risebdo01c,1991,CAL,NHL,1,,64.0,25.0,30.0,9.0,,,,
roberji01c,1981,BUF,NHL,2,,45.0,21.0,16.0,8.0,,,,
roberji01c,1991,HAR,NHL,1,,80.0,26.0,41.0,13.0,7,3,4,0
roberji01c,1996,STL,NHL,2,,9.0,3.0,3.0,3.0,,,,
robinla01c,1995,LAK,NHL,1,,82.0,24.0,40.0,18.0,,,,
robinla01c,1996,LAK,NHL,1,,82.0,28.0,43.0,11.0,,,,
robinla01c,1997,LAK,NHL,1,,82.0,38.0,33.0,11.0,4,0,4,0
robinla01c,1998,LAK,NHL,1,,82.0,32.0,45.0,5.0,,,,
robinla01c,1999,NJD,NHL,2,,8.0,4.0,4.0,0.0,23,16,7,0
robinla01c,2000,NJD,NHL,1,,82.0,48.0,22.0,12.0,25,15,10,0
robinla01c,2001,NJD,NHL,1,,51.0,21.0,23.0,7.0,,,,
robinla01c,2005,NJD,NHL,1,,32.0,14.0,13.0,5.0,,,,
roddemi01c,1926,TRS,NHL,1,,2.0,0.0,2.0,0.0,,,,
rollial01c,1976,PHR,WHA,1,,80.0,28.0,48.0,4.0,,,,
romeral01c,1926,TRS,NHL,3,,13.0,7.0,5.0,1.0,,,,
rossar01c,1913,MOW,NHA,2,,5.0,3.0,2.0,0.0,,,,
rossar01c,1917,MTW,NHL,1,,6.0,1.0,5.0,0.0,,,,
rossar01c,1922,HAM,NHL,1,,24.0,6.0,18.0,0.0,,,,
rossar01c,1924,BOS,NHL,1,,30.0,6.0,24.0,0.0,,,,
rossar01c,1925,BOS,NHL,1,,36.0,17.0,15.0,4.0,,,,
rossar01c,1926,BOS,NHL,1,,44.0,21.0,20.0,3.0,8,2,2,4
rossar01c,1927,BOS,NHL,1,,44.0,20.0,13.0,11.0,2,0,1,1
rossar01c,1929,BOS,NHL,1,,44.0,38.0,5.0,1.0,6,3,3,0
rossar01c,1930,BOS,NHL,1,,44.0,28.0,10.0,6.0,5,2,3,0
rossar01c,1931,BOS,NHL,1,,48.0,15.0,21.0,12.0,,,,
rossar01c,1932,BOS,NHL,1,,48.0,25.0,15.0,8.0,5,2,3,0
rossar01c,1933,BOS,NHL,1,,48.0,18.0,25.0,5.0,,,,
rossar01c,1936,BOS,NHL,1,,48.0,23.0,18.0,7.0,3,1,2,0
rossar01c,1937,BOS,NHL,1,,48.0,30.0,11.0,7.0,3,0,3,0
rossar01c,1938,BOS,NHL,1,,48.0,36.0,10.0,2.0,12,8,4,0
rossar01c,1941,BOS,NHL,1,,48.0,25.0,17.0,6.0,5,2,3,0
rossar01c,1942,BOS,NHL,1,,50.0,24.0,17.0,9.0,9,4,5,0
rossar01c,1943,BOS,NHL,1,,50.0,19.0,26.0,5.0,,,,
rossar01c,1944,BOS,NHL,1,,50.0,16.0,30.0,4.0,7,3,4,0
ruelcl01c,1968,MTL,NHL,1,,76.0,46.0,19.0,11.0,14,12,2,0
ruelcl01c,1969,MTL,NHL,1,,76.0,38.0,22.0,16.0,,,,
ruelcl01c,1970,MTL,NHL,1,,23.0,11.0,8.0,4.0,,,,
ruelcl01c,1979,MTL,NHL,2,,50.0,32.0,11.0,7.0,10,6,4,0
ruelcl01c,1980,MTL,NHL,1,,80.0,45.0,22.0,13.0,3,0,3,0
ruffli01c,1997,BUF,NHL,1,,82.0,36.0,29.0,17.0,15,10,5,0
ruffli01c,1998,BUF,NHL,1,,82.0,37.0,28.0,17.0,21,14,7,0
ruffli01c,1999,BUF,NHL,1,,82.0,35.0,36.0,11.0,5,1,4,0
ruffli01c,2000,BUF,NHL,1,,82.0,46.0,31.0,5.0,13,7,6,0
ruffli01c,2001,BUF,NHL,1,,82.0,35.0,36.0,11.0,,,,
ruffli01c,2002,BUF,NHL,1,,82.0,27.0,45.0,10.0,,,,
ruffli01c,2003,BUF,NHL,1,,82.0,37.0,38.0,7.0,,,,
ruffli01c,2005,BUF,NHL,1,,82.0,52.0,24.0,6.0,18,11,7,0
ruffli01c,2006,BUF,NHL,1,,82.0,53.0,22.0,7.0,16,9,7,0
ruffli01c,2007,BUF,NHL,1,,82.0,39.0,31.0,12.0,,,,
ruffli01c,2008,BUF,NHL,1,,82.0,41.0,32.0,9.0,,,,
ruffli01c,2009,BUF,NHL,1,,82.0,45.0,27.0,10.0,6,2,4,0
ruffli01c,2010,BUF,NHL,1,,82.0,43.0,29.0,10.0,7,3,4,0
ruffli01c,2011,BUF,NHL,1,,82.0,39.0,32.0,11.0,,,,
ryanro01c,1973,NEW,WHA,1,,78.0,43.0,31.0,4.0,7,3,4,0
ryanro01c,1974,NEW,WHA,1,,73.0,40.0,28.0,5.0,,,,
saccojo01c,2009,COL,NHL,1,,82.0,43.0,30.0,9.0,6,2,4,0
saccojo01c,2010,COL,NHL,1,,82.0,30.0,44.0,8.0,,,,
saccojo01c,2011,COL,NHL,1,,82.0,41.0,35.0,6.0,,,,
sathegl01c,1976,EDO,WHA,2,,18.0,9.0,7.0,2.0,5,1,4,0
sathegl01c,1977,EDO,WHA,1,,80.0,38.0,39.0,3.0,5,1,4,0
sathegl01c,1978,EDO,WHA,1,,80.0,48.0,30.0,2.0,13,6,7,0
sathegl01c,1979,EDM,NHL,1,,80.0,28.0,39.0,13.0,3,0,3,0
sathegl01c,1980,EDM,NHL,2,,62.0,25.0,26.0,11.0,9,5,4,0
sathegl01c,1981,EDM,NHL,1,,80.0,48.0,17.0,15.0,5,2,3,0
sathegl01c,1982,EDM,NHL,1,,80.0,47.0,21.0,12.0,16,11,5,0
sathegl01c,1983,EDM,NHL,1,,80.0,57.0,18.0,5.0,19,15,4,0
sathegl01c,1984,EDM,NHL,1,,80.0,49.0,20.0,11.0,18,15,3,0
sathegl01c,1985,EDM,NHL,1,,80.0,56.0,17.0,7.0,10,6,4,0
sathegl01c,1986,EDM,NHL,1,,80.0,50.0,24.0,6.0,21,16,5,0
sathegl01c,1987,EDM,NHL,1,,80.0,44.0,25.0,11.0,19,16,2,1
sathegl01c,1988,EDM,NHL,1,,80.0,38.0,34.0,8.0,7,3,4,0
sathegl01c,1993,EDM,NHL,2,,60.0,22.0,27.0,11.0,,,,
sathegl01c,2002,NYR,NHL,2,,28.0,11.0,13.0,4.0,,,,
sathegl01c,2003,NYR,NHL,1,,62.0,22.0,33.0,7.0,,,,
satorte01c,1985,NYR,NHL,1,,80.0,36.0,38.0,6.0,16,8,8,0
satorte01c,1986,BUF,NHL,3,,47.0,21.0,22.0,4.0,,,,
satorte01c,1986,NYR,NHL,1,,19.0,5.0,10.0,4.0,,,,
satorte01c,1987,BUF,NHL,1,,80.0,37.0,32.0,11.0,6,2,4,0
satorte01c,1988,BUF,NHL,1,,80.0,38.0,35.0,7.0,5,1,4,0
savaged01c,1915,PO1,PCHA,1,,18.0,13.0,5.0,0.0,5,2,3,0
savaged01c,1916,PO1,PCHA,1,,24.0,9.0,15.0,0.0,,,,
savaged01c,1917,PO1,PCHA,1,,18.0,7.0,11.0,0.0,,,,
savaran01c,1987,QUE,NHL,1,,24.0,10.0,13.0,1.0,,,,
savarde01c,2006,CHI,NHL,2,,61.0,24.0,30.0,7.0,,,,
savarde01c,2007,CHI,NHL,1,,82.0,40.0,34.0,8.0,,,,
savarde01c,2008,CHI,NHL,1,,4.0,1.0,2.0,1.0,,,,
schinke01c,1972,PIT,NHL,2,,36.0,15.0,18.0,3.0,,,,
schinke01c,1973,PIT,NHL,1,,50.0,14.0,31.0,5.0,,,,
schinke01c,1975,PIT,NHL,2,,37.0,20.0,10.0,7.0,3,1,2,0
schinke01c,1976,PIT,NHL,1,,80.0,34.0,33.0,13.0,3,1,2,0
schmimi01c,1954,BOS,NHL,2,,40.0,13.0,12.0,15.0,5,1,4,0
schmimi01c,1955,BOS,NHL,1,,70.0,23.0,34.0,13.0,,,,
schmimi01c,1956,BOS,NHL,1,,70.0,34.0,24.0,12.0,10,5,5,0
schmimi01c,1957,BOS,NHL,1,,70.0,27.0,28.0,15.0,12,6,6,0
schmimi01c,1958,BOS,NHL,1,,70.0,32.0,29.0,9.0,7,3,4,0
schmimi01c,1959,BOS,NHL,1,,70.0,28.0,34.0,8.0,,,,
schmimi01c,1960,BOS,NHL,1,,70.0,15.0,42.0,13.0,,,,
schmimi01c,1962,BOS,NHL,2,,56.0,13.0,31.0,12.0,,,,
schmimi01c,1963,BOS,NHL,1,,70.0,18.0,40.0,12.0,,,,
schmimi01c,1964,BOS,NHL,1,,70.0,21.0,43.0,6.0,,,,
schmimi01c,1965,BOS,NHL,1,,70.0,21.0,43.0,6.0,,,,
schmimi01c,1974,WAS,NHL,3,,8.0,2.0,6.0,0.0,,,,
schmimi01c,1975,WAS,NHL,1,,36.0,3.0,28.0,5.0,,,,
schoeji01c,1985,BUF,NHL,1,,43.0,19.0,19.0,5.0,,,,
schoeji01c,1987,NJD,NHL,2,,30.0,17.0,12.0,1.0,20,11,9,0
schoeji01c,1988,NJD,NHL,1,,80.0,27.0,41.0,12.0,,,,
schoeji01c,1989,NJD,NHL,1,,14.0,6.0,6.0,2.0,,,,
schoeji01c,1993,WAS,NHL,2,,37.0,19.0,12.0,6.0,11,5,6,0
schoeji01c,1994,WAS,NHL,1,,48.0,22.0,18.0,8.0,7,3,4,0
schoeji01c,1995,WAS,NHL,1,,82.0,39.0,32.0,11.0,6,2,4,0
schoeji01c,1996,WAS,NHL,1,,82.0,33.0,40.0,9.0,,,,
schoeji01c,1997,PHO,NHL,1,,82.0,35.0,35.0,12.0,6,2,4,0
schoeji01c,1998,PHO,NHL,1,,82.0,39.0,31.0,12.0,7,3,4,0
shaugto01c,1929,CHI,NHL,1,,21.0,10.0,8.0,3.0,,,,
shawbr01c,2005,NYI,NHL,2,,40.0,18.0,18.0,4.0,,,,
shawbr02c,1973,EDO,WHA,1,,78.0,38.0,37.0,3.0,5,1,4,0
shawbr02c,1974,EDO,WHA,1,,59.0,30.0,26.0,3.0,,,,
sherofr01c,1971,PHI,NHL,1,,78.0,26.0,38.0,14.0,,,,
sherofr01c,1972,PHI,NHL,1,,78.0,37.0,30.0,11.0,11,5,6,0
sherofr01c,1973,PHI,NHL,1,,78.0,50.0,16.0,12.0,17,12,5,0
sherofr01c,1974,PHI,NHL,1,,80.0,51.0,18.0,11.0,17,12,5,0
sherofr01c,1975,PHI,NHL,1,,80.0,51.0,13.0,16.0,16,8,8,0
sherofr01c,1976,PHI,NHL,1,,80.0,48.0,16.0,16.0,10,4,6,0
sherofr01c,1977,PHI,NHL,1,,80.0,45.0,20.0,15.0,12,7,5,0
sherofr01c,1978,NYR,NHL,1,,80.0,40.0,29.0,11.0,18,11,7,0
sherofr01c,1979,NYR,NHL,1,,80.0,38.0,32.0,10.0,9,4,5,0
sherofr01c,1980,NYR,NHL,1,,20.0,4.0,13.0,3.0,,,,
simpsjo01c,1932,NYA,NHL,1,,48.0,15.0,22.0,11.0,,,,
simpsjo01c,1933,NYA,NHL,1,,48.0,15.0,23.0,10.0,,,,
simpsjo01c,1934,NYA,NHL,1,,48.0,12.0,27.0,9.0,,,,
simpste01c,1986,NYI,NHL,1,,80.0,35.0,33.0,12.0,14,7,7,0
simpste01c,1987,NYI,NHL,1,,80.0,39.0,31.0,10.0,6,2,4,0
simpste01c,1988,NYI,NHL,1,,27.0,7.0,18.0,2.0,,,,
simpste01c,1993,PHI,NHL,1,,84.0,35.0,39.0,10.0,,,,
simpste01c,1994,WIN,NHL,2,,15.0,7.0,7.0,1.0,,,,
simpste01c,1995,WIN,NHL,1,,82.0,36.0,40.0,6.0,6,2,4,0
simsal01c,1996,SJS,NHL,1,,82.0,27.0,47.0,8.0,,,,
sindeha01c,1966,BOS,NHL,1,,70.0,17.0,43.0,10.0,,,,
sindeha01c,1967,BOS,NHL,1,,74.0,37.0,27.0,10.0,4,0,4,0
sindeha01c,1968,BOS,NHL,1,,76.0,42.0,18.0,16.0,10,6,4,0
sindeha01c,1969,BOS,NHL,1,,76.0,40.0,17.0,19.0,14,12,2,0
sindeha01c,1979,BOS,NHL,2,,7.0,6.0,1.0,0.0,10,4,6,0
sindeha01c,1984,BOS,NHL,2,,24.0,11.0,10.0,3.0,5,2,3,0
skinnji01c,1954,DET,NHL,1,,70.0,42.0,17.0,11.0,11,8,3,0
skinnji01c,1955,DET,NHL,1,,70.0,30.0,24.0,16.0,10,5,5,0
skinnji01c,1956,DET,NHL,1,,70.0,38.0,20.0,12.0,5,1,4,0
skinnji01c,1957,DET,NHL,1,,37.0,13.0,17.0,7.0,,,,
slatete01c,1972,LAS,WHA,1,,78.0,37.0,35.0,6.0,6,2,4,0
slatete01c,1973,LAS,WHA,1,,19.0,5.0,14.0,0.0,,,,
slatete01c,1975,CIN,WHA,1,,80.0,35.0,44.0,1.0,,,,
slatete01c,1976,CIN,WHA,1,,81.0,39.0,37.0,5.0,4,0,4,0
smeatco01c,1930,PHQ,NHL,1,,44.0,4.0,36.0,4.0,,,,
smithal03c,1913,OT1,NHA,1,,20.0,11.0,9.0,0.0,,,,
smithal03c,1914,OT1,NHA,1,,20.0,14.0,6.0,0.0,,,,
smithal03c,1915,OT1,NHA,1,,24.0,13.0,11.0,0.0,,,,
smithal03c,1918,OTS,NHL,1,,18.0,12.0,6.0,0.0,5,1,4,0
smithba02c,1998,DET,NHL,1,co-coach with Dave Lewis,5.0,4.0,1.0,0.0,,,,
smithfl01c,1971,BUF,NHL,2,,1.0,0.0,1.0,0.0,,,,
smithfl01c,1974,BUF,NHL,1,,80.0,49.0,16.0,15.0,17,10,7,0
smithfl01c,1975,BUF,NHL,1,,80.0,46.0,21.0,13.0,9,4,5,0
smithfl01c,1976,BUF,NHL,1,,80.0,48.0,24.0,8.0,6,2,4,0
smithfl01c,1978,CIN,WHA,1,,80.0,33.0,41.0,6.0,3,1,2,0
smithfl01c,1979,TOR,NHL,1,,68.0,30.0,33.0,5.0,,,,
smithmi01c,1980,WIN,NHL,3,,23.0,2.0,17.0,4.0,,,,
smithro02c,1992,NYR,NHL,2,,44.0,15.0,22.0,7.0,,,,
smythco01c,1927,TOR,NHL,1,,44.0,18.0,18.0,8.0,,,,
smythco01c,1928,TOR,NHL,1,,44.0,21.0,18.0,5.0,4,2,2,0
smythco01c,1929,TOR,NHL,1,,44.0,17.0,21.0,6.0,,,,
smythco01c,1930,TOR,NHL,1,,2.0,1.0,0.0,1.0,,,,
sonmogl01c,1972,MFS,WHA,1,,59.0,28.0,28.0,3.0,,,,
sonmogl01c,1976,MF2,WHA,1,,42.0,19.0,18.0,5.0,,,,
sonmogl01c,1977,BIR,WHA,1,,77.0,36.0,38.0,3.0,5,1,4,0
sonmogl01c,1978,MNS,NHL,2,,69.0,25.0,34.0,10.0,,,,
sonmogl01c,1979,MNS,NHL,1,,80.0,36.0,28.0,16.0,15,8,7,0
sonmogl01c,1980,MNS,NHL,1,,80.0,35.0,28.0,17.0,19,12,7,0
sonmogl01c,1981,MNS,NHL,1,,80.0,37.0,23.0,20.0,4,1,3,0
sonmogl01c,1982,MNS,NHL,1,,43.0,22.0,12.0,9.0,,,,
sonmogl01c,1984,MNS,NHL,2,,67.0,22.0,35.0,10.0,9,5,4,0
sonmogl01c,1986,MNS,NHL,2,,2.0,0.0,1.0,1.0,,,,
sprouha01c,1919,TRS,NHL,2,,12.0,7.0,5.0,0.0,,,,
stanlba01c,1921,CAT,WCHL,1,,24.0,14.0,10.0,0.0,2,0,1,1
stanlba01c,1927,CHI,NHL,1,,23.0,4.0,17.0,2.0,,,,
staplpa01c,1973,CHC,WHA,1,,78.0,38.0,35.0,5.0,18,8,10,0
staplpa01c,1974,CHC,WHA,1,,78.0,30.0,47.0,1.0,,,,
staplpa01c,1978,IND,WHA,1,,25.0,5.0,18.0,2.0,,,,
stasivi01c,1969,PHI,NHL,1,,76.0,17.0,35.0,24.0,,,,
stasivi01c,1970,PHI,NHL,1,,78.0,28.0,33.0,17.0,4,0,4,0
stasivi01c,1971,CLF,NHL,2,,75.0,21.0,38.0,16.0,,,,
stasivi01c,1972,VAN,NHL,1,,78.0,22.0,47.0,9.0,,,,
stevejo01c,2006,PHI,NHL,2,,74.0,21.0,42.0,11.0,,,,
stevejo01c,2007,PHI,NHL,1,,82.0,42.0,29.0,11.0,17,9,8,0
stevejo01c,2008,PHI,NHL,1,,82.0,44.0,27.0,11.0,6,2,4,0
stevejo01c,2009,PHI,NHL,1,,25.0,13.0,11.0,1.0,,,,
stevejo01c,2011,LAK,NHL,2,,4.0,2.0,2.0,0.0,,,,
stewabi01c,1998,NYI,NHL,2,,37.0,11.0,19.0,7.0,,,,
stewabi02c,1937,CHI,NHL,1,,48.0,14.0,25.0,9.0,10,7,3,0
stewabi02c,1938,CHI,NHL,1,,21.0,8.0,10.0,3.0,,,,
stewaro01c,1975,NYR,NHL,1,,39.0,15.0,20.0,4.0,,,,
stewaro01c,1977,LAK,NHL,1,,80.0,31.0,34.0,15.0,2,0,2,0
stirlst01c,2003,NYI,NHL,1,,82.0,38.0,33.0,11.0,5,1,4,0
stirlst01c,2005,NYI,NHL,1,,42.0,18.0,22.0,2.0,,,,
stuarbr02c,1909,OT1,NHA,1,,12.0,9.0,3.0,0.0,,,,
stuarbr02c,1910,OT1,NHA,1,,16.0,13.0,3.0,0.0,,,,
stuarbr02c,1911,OT1,NHA,1,,18.0,9.0,9.0,0.0,,,,
stuarbr02c,1912,OT1,NHA,1,,20.0,9.0,11.0,0.0,,,,
suhonal01c,2000,CHI,NHL,1,,82.0,29.0,45.0,8.0,,,,
sullimi01c,2003,BOS,NHL,1,,82.0,41.0,26.0,15.0,7,3,4,0
sullimi01c,2005,BOS,NHL,1,,82.0,29.0,37.0,16.0,,,,
sullire01c,1962,NYR,NHL,2,,36.0,11.0,17.0,8.0,,,,
sullire01c,1963,NYR,NHL,1,,70.0,22.0,38.0,10.0,,,,
sullire01c,1964,NYR,NHL,1,,70.0,20.0,38.0,12.0,,,,
sullire01c,1965,NYR,NHL,1,,20.0,5.0,10.0,5.0,,,,
sullire01c,1967,PIT,NHL,1,,74.0,27.0,34.0,13.0,,,,
sullire01c,1968,PIT,NHL,1,,76.0,20.0,45.0,11.0,,,,
sullire01c,1974,WAS,NHL,2,,18.0,2.0,16.0,0.0,,,,
suthebi01c,1979,WIN,NHL,2,,3.0,1.0,2.0,0.0,,,,
suthebi01c,1980,WIN,NHL,2,,29.0,6.0,20.0,3.0,,,,
suttebr01c,1988,STL,NHL,1,,80.0,33.0,35.0,12.0,10,5,5,0
suttebr01c,1989,STL,NHL,1,,80.0,37.0,34.0,9.0,12,7,5,0
suttebr01c,1990,STL,NHL,1,,80.0,47.0,22.0,11.0,13,6,7,0
suttebr01c,1991,STL,NHL,1,,80.0,36.0,33.0,11.0,6,2,4,0
suttebr01c,1992,BOS,NHL,1,,84.0,51.0,26.0,7.0,4,0,4,0
suttebr01c,1993,BOS,NHL,1,,84.0,42.0,29.0,13.0,13,6,7,0
suttebr01c,1994,BOS,NHL,1,,48.0,27.0,18.0,3.0,5,1,4,0
suttebr01c,1997,CAL,NHL,1,,82.0,26.0,41.0,15.0,,,,
suttebr01c,1998,CAL,NHL,1,,82.0,30.0,40.0,12.0,,,,
suttebr01c,1999,CAL,NHL,1,,82.0,31.0,41.0,10.0,,,,
suttebr01c,2001,CHI,NHL,1,,82.0,41.0,28.0,13.0,5,1,4,0
suttebr01c,2002,CHI,NHL,1,,82.0,30.0,39.0,13.0,,,,
suttebr01c,2003,CHI,NHL,1,,82.0,20.0,51.0,11.0,,,,
suttebr02c,2007,NJD,NHL,1,,82.0,46.0,29.0,7.0,5,1,4,0
suttebr02c,2008,NJD,NHL,1,,82.0,51.0,27.0,4.0,7,3,4,0
suttebr02c,2009,CAL,NHL,1,,82.0,40.0,32.0,10.0,,,,
suttebr02c,2010,CAL,NHL,1,,82.0,41.0,29.0,12.0,,,,
suttebr02c,2011,CAL,NHL,1,,82.0,37.0,29.0,16.0,,,,
sutteda01c,1992,CHI,NHL,1,,84.0,47.0,25.0,12.0,4,0,4,0
sutteda01c,1993,CHI,NHL,1,,84.0,39.0,36.0,9.0,6,2,4,0
sutteda01c,1994,CHI,NHL,1,,48.0,24.0,19.0,5.0,16,9,7,0
sutteda01c,1997,SJS,NHL,1,,82.0,34.0,38.0,10.0,6,2,4,0
sutteda01c,1998,SJS,NHL,1,,82.0,31.0,33.0,18.0,6,2,4,0
sutteda01c,1999,SJS,NHL,1,,82.0,35.0,37.0,10.0,12,5,7,0
sutteda01c,2000,SJS,NHL,1,,82.0,40.0,30.0,12.0,6,2,4,0
sutteda01c,2001,SJS,NHL,1,,82.0,44.0,30.0,8.0,12,7,5,0
sutteda01c,2002,CAL,NHL,3,,46.0,19.0,19.0,8.0,,,,
sutteda01c,2002,SJS,NHL,1,,24.0,8.0,14.0,2.0,,,,
sutteda01c,2003,CAL,NHL,1,,82.0,42.0,33.0,7.0,26,15,11,0
sutteda01c,2005,CAL,NHL,1,,82.0,46.0,25.0,11.0,7,3,4,0
sutteda01c,2011,LAK,NHL,3,,49.0,25.0,13.0,11.0,20,16,4,0
suttedu01c,2000,FLO,NHL,2,,46.0,16.0,24.0,6.0,,,,
suttedu01c,2001,FLO,NHL,1,,26.0,6.0,18.0,2.0,,,,
talboje01c,1972,STL,NHL,2,,65.0,30.0,28.0,7.0,5,1,4,0
talboje01c,1973,STL,NHL,1,,55.0,22.0,25.0,8.0,,,,
talboje01c,1975,DOT,WHA,1,,41.0,14.0,26.0,1.0,,,,
talboje01c,1977,NYR,NHL,1,,80.0,30.0,37.0,13.0,3,1,2,0
tessior01c,1982,CHI,NHL,1,,80.0,47.0,23.0,10.0,13,7,6,0
tessior01c,1983,CHI,NHL,1,,80.0,30.0,42.0,8.0,5,2,3,0
tessior01c,1984,CHI,NHL,1,,53.0,22.0,28.0,3.0,,,,
therrmi01c,2000,MTL,NHL,2,,62.0,23.0,33.0,6.0,,,,
therrmi01c,2001,MTL,NHL,1,,82.0,36.0,34.0,12.0,12,6,6,0
therrmi01c,2002,MTL,NHL,1,,46.0,18.0,23.0,5.0,,,,
therrmi01c,2005,PIT,NHL,2,,51.0,14.0,29.0,8.0,,,,
therrmi01c,2006,PIT,NHL,1,,82.0,47.0,24.0,11.0,5,1,4,0
therrmi01c,2007,PIT,NHL,1,,82.0,47.0,27.0,8.0,20,14,6,0
therrmi01c,2008,PIT,NHL,1,,57.0,27.0,25.0,5.0,,,,
thomppa01c,1938,CHI,NHL,2,,27.0,4.0,18.0,5.0,,,,
thomppa01c,1939,CHI,NHL,1,,48.0,23.0,19.0,6.0,2,0,2,0
thomppa01c,1940,CHI,NHL,1,,48.0,16.0,25.0,7.0,5,2,3,0
thomppa01c,1941,CHI,NHL,1,,48.0,22.0,23.0,3.0,3,1,2,0
thomppa01c,1942,CHI,NHL,1,,50.0,17.0,18.0,15.0,,,,
thomppa01c,1943,CHI,NHL,1,,50.0,22.0,23.0,5.0,9,4,5,0
thomppa01c,1944,CHI,NHL,1,,1.0,0.0,1.0,0.0,,,,
thomppe01c,1920,HAM,NHL,1,,24.0,6.0,18.0,0.0,,,,
thomppe01c,1921,HAM,NHL,1,,24.0,7.0,17.0,0.0,,,,
tippeda01c,2002,DAL,NHL,1,,82.0,46.0,21.0,15.0,12,6,6,0
tippeda01c,2003,DAL,NHL,1,,82.0,41.0,28.0,13.0,5,1,4,0
tippeda01c,2005,DAL,NHL,1,,82.0,53.0,23.0,6.0,5,1,4,0
tippeda01c,2006,DAL,NHL,1,,82.0,50.0,25.0,7.0,7,3,4,0
tippeda01c,2007,DAL,NHL,1,,82.0,45.0,30.0,7.0,18,10,8,0
tippeda01c,2008,DAL,NHL,1,,82.0,36.0,35.0,11.0,,,,
tippeda01c,2010,PHO,NHL,1,,82.0,43.0,26.0,13.0,4,0,4,0
tippeda01c,2011,PHO,NHL,1,,82.0,42.0,27.0,13.0,16,9,7,0
tobinbi01c,1929,CHI,NHL,2,,23.0,11.0,10.0,2.0,2,0,1,1
tobinbi01c,1931,CHI,NHL,1,,48.0,18.0,19.0,11.0,2,1,1,0
tocchri01c,2008,TBL,NHL,2,,66.0,19.0,33.0,14.0,,,,
tocchri01c,2009,TBL,NHL,1,,82.0,34.0,36.0,12.0,,,,
torchjo01c,2003,FLO,NHL,3,,27.0,10.0,13.0,4.0,,,,
torchjo01c,2005,LAK,NHL,2,,12.0,5.0,7.0,0.0,,,,
tortojo01c,1999,NYR,NHL,2,,4.0,0.0,3.0,1.0,,,,
tortojo01c,2000,TBL,NHL,2,,43.0,12.0,30.0,1.0,,,,
tortojo01c,2001,TBL,NHL,1,,82.0,27.0,44.0,11.0,,,,
tortojo01c,2002,TBL,NHL,1,,82.0,36.0,30.0,16.0,11,5,6,0
tortojo01c,2003,TBL,NHL,1,,82.0,46.0,28.0,8.0,23,16,7,0
tortojo01c,2005,TBL,NHL,1,,82.0,43.0,33.0,6.0,5,1,4,0
tortojo01c,2006,TBL,NHL,1,,82.0,44.0,33.0,5.0,6,2,4,0
tortojo01c,2007,TBL,NHL,1,,82.0,31.0,42.0,9.0,,,,
tortojo01c,2008,NYR,NHL,2,,21.0,12.0,7.0,2.0,7,3,4,0
tortojo01c,2009,NYR,NHL,1,,82.0,38.0,33.0,11.0,,,,
tortojo01c,2010,NYR,NHL,1,,82.0,44.0,33.0,5.0,5,1,4,0
tortojo01c,2011,NYR,NHL,1,,82.0,51.0,24.0,7.0,20,10,10,0
trembma02c,1995,MTL,NHL,3,,77.0,40.0,27.0,10.0,6,2,4,0
trembma02c,1996,MTL,NHL,1,,82.0,31.0,36.0,15.0,5,1,4,0
triheha01c,1909,MOS,NHA,1,,12.0,3.0,8.0,1.0,,,,
trottbr01c,2002,NYR,NHL,1,,54.0,21.0,27.0,6.0,,,,
trotzba01c,1998,NAS,NHL,1,,82.0,28.0,47.0,7.0,,,,
trotzba01c,1999,NAS,NHL,1,,82.0,28.0,47.0,7.0,,,,
trotzba01c,2000,NAS,NHL,1,,82.0,34.0,39.0,9.0,,,,
trotzba01c,2001,NAS,NHL,1,,82.0,28.0,41.0,13.0,,,,
trotzba01c,2002,NAS,NHL,1,,82.0,27.0,42.0,13.0,,,,
trotzba01c,2003,NAS,NHL,1,,82.0,38.0,33.0,11.0,6,2,4,0
trotzba01c,2005,NAS,NHL,1,,82.0,49.0,25.0,8.0,5,1,4,0
trotzba01c,2006,NAS,NHL,1,,82.0,51.0,23.0,8.0,5,1,4,0
trotzba01c,2007,NAS,NHL,1,,82.0,41.0,32.0,9.0,6,2,4,0
trotzba01c,2008,NAS,NHL,1,,82.0,40.0,34.0,8.0,,,,
trotzba01c,2009,NAS,NHL,1,,82.0,47.0,29.0,6.0,6,2,4,0
trotzba01c,2010,NAS,NHL,1,,82.0,44.0,27.0,11.0,12,6,6,0
trotzba01c,2011,NAS,NHL,1,,82.0,48.0,26.0,8.0,10,5,5,0
ubriage01c,1988,PIT,NHL,1,,80.0,40.0,33.0,7.0,11,7,4,0
ubriage01c,1989,PIT,NHL,1,,26.0,10.0,14.0,2.0,,,,
vachoro01c,1983,LAK,NHL,2,,2.0,1.0,0.0,1.0,,,,
vachoro01c,1987,LAK,NHL,2,,1.0,0.0,1.0,0.0,,,,
vachoro01c,1994,LAK,NHL,2,,7.0,3.0,2.0,2.0,,,,
vigneal01c,1997,MTL,NHL,1,,82.0,37.0,32.0,13.0,10,4,6,0
vigneal01c,1998,MTL,NHL,1,,82.0,32.0,39.0,11.0,,,,
vigneal01c,1999,MTL,NHL,1,,82.0,35.0,38.0,9.0,,,,
vigneal01c,2000,MTL,NHL,1,,20.0,5.0,13.0,2.0,,,,
vigneal01c,2006,VAN,NHL,1,,82.0,49.0,26.0,7.0,12,5,7,0
vigneal01c,2007,VAN,NHL,1,,82.0,39.0,33.0,10.0,,,,
vigneal01c,2008,VAN,NHL,1,,82.0,45.0,27.0,10.0,10,6,4,0
vigneal01c,2009,VAN,NHL,1,,82.0,49.0,28.0,5.0,12,6,6,0
vigneal01c,2010,VAN,NHL,1,,82.0,54.0,19.0,9.0,25,15,10,0
vigneal01c,2011,VAN,NHL,1,,82.0,51.0,22.0,9.0,5,1,4,0
viviaja01c,1974,CLC,WHA,2,,45.0,21.0,22.0,2.0,5,1,4,0
waddedo01c,2002,ATL,NHL,2,,10.0,4.0,5.0,1.0,,,,
waddedo01c,2007,ATL,NHL,2,,76.0,34.0,34.0,8.0,,,,
watsobr01c,1980,EDM,NHL,1,,18.0,4.0,9.0,5.0,,,,
watsoph01c,1955,NYR,NHL,1,,70.0,32.0,28.0,10.0,5,1,4,0
watsoph01c,1956,NYR,NHL,1,,70.0,26.0,30.0,14.0,5,1,4,0
watsoph01c,1957,NYR,NHL,1,,70.0,32.0,25.0,13.0,6,2,4,0
watsoph01c,1958,NYR,NHL,1,,70.0,26.0,32.0,12.0,,,,
watsoph01c,1959,NYR,NHL,1,,15.0,3.0,9.0,3.0,,,,
watsoph01c,1961,BOS,NHL,1,,70.0,15.0,47.0,8.0,,,,
watsoph01c,1962,BOS,NHL,1,,14.0,1.0,8.0,5.0,,,,
watsoph01c,1972,PHB,WHA,2,,71.0,37.0,34.0,0.0,4,0,4,0
watsoph01c,1973,VAB,WHA,2,,12.0,3.0,9.0,0.0,,,,
wattto01c,1981,WIN,NHL,1,,80.0,33.0,33.0,14.0,4,1,3,0
wattto01c,1982,WIN,NHL,1,,80.0,33.0,39.0,8.0,3,0,3,0
wattto01c,1983,WIN,NHL,1,,21.0,6.0,13.0,2.0,,,,
wattto01c,1985,VAN,NHL,1,,80.0,23.0,44.0,13.0,3,0,3,0
wattto01c,1986,VAN,NHL,1,,80.0,29.0,43.0,8.0,,,,
wattto01c,1990,TOR,NHL,2,,69.0,22.0,37.0,10.0,,,,
wattto01c,1991,TOR,NHL,1,,80.0,30.0,43.0,7.0,,,,
webstto01c,1986,NYR,NHL,2,,18.0,5.0,9.0,4.0,,,,
webstto01c,1989,LAK,NHL,1,,80.0,34.0,39.0,7.0,10,4,6,0
webstto01c,1990,LAK,NHL,1,,80.0,46.0,24.0,10.0,12,6,6,0
webstto01c,1991,LAK,NHL,1,,80.0,35.0,31.0,14.0,6,2,4,0
weilaco01c,1939,BOS,NHL,1,,48.0,31.0,12.0,5.0,6,2,4,0
weilaco01c,1940,BOS,NHL,1,,48.0,27.0,8.0,13.0,11,8,3,0
whitebi01c,1976,CHI,NHL,2,,46.0,16.0,24.0,6.0,2,0,2,0
wileyji01c,1995,SJS,NHL,2,,57.0,17.0,37.0,3.0,,,,
wilkiia01c,1972,NRA,WHA,2,interim,1.0,1.0,0.0,0.0,,,,
wilsojo01c,1969,LAK,NHL,2,,52.0,9.0,34.0,9.0,,,,
wilsojo01c,1971,DET,NHL,2,,67.0,30.0,27.0,10.0,,,,
wilsojo01c,1972,DET,NHL,1,,78.0,37.0,29.0,12.0,,,,
wilsojo01c,1974,MIB,WHA,1,,78.0,21.0,53.0,4.0,,,,
wilsojo01c,1975,CLC,WHA,1,,80.0,35.0,40.0,5.0,3,0,3,0
wilsojo01c,1976,COR,NHL,1,,80.0,20.0,46.0,14.0,,,,
wilsojo01c,1977,PIT,NHL,1,,80.0,25.0,37.0,18.0,,,,
wilsojo01c,1978,PIT,NHL,1,,80.0,36.0,31.0,13.0,7,2,5,0
wilsojo01c,1979,PIT,NHL,1,,80.0,30.0,37.0,13.0,5,2,3,0
wilsola01c,1976,DET,NHL,2,,36.0,3.0,29.0,4.0,,,,
wilsori01c,2001,DAL,NHL,2,,32.0,13.0,12.0,7.0,,,,
wilsoro02c,1993,ANA,NHL,1,,84.0,33.0,46.0,5.0,,,,
wilsoro02c,1994,ANA,NHL,1,,48.0,16.0,27.0,5.0,,,,
wilsoro02c,1995,ANA,NHL,1,,82.0,35.0,39.0,8.0,,,,
wilsoro02c,1996,ANA,NHL,1,,82.0,36.0,33.0,13.0,11,4,7,0
wilsoro02c,1997,WAS,NHL,1,,82.0,40.0,30.0,12.0,21,12,9,0
wilsoro02c,1998,WAS,NHL,1,,82.0,31.0,45.0,6.0,,,,
wilsoro02c,1999,WAS,NHL,1,,82.0,44.0,26.0,12.0,5,1,4,0
wilsoro02c,2000,WAS,NHL,1,,82.0,41.0,31.0,10.0,6,2,4,0
wilsoro02c,2001,WAS,NHL,1,,82.0,36.0,35.0,11.0,,,,
wilsoro02c,2002,SJS,NHL,3,,57.0,19.0,31.0,7.0,,,,
wilsoro02c,2003,SJS,NHL,1,,82.0,43.0,27.0,12.0,17,10,7,0
wilsoro02c,2005,SJS,NHL,1,,82.0,44.0,27.0,11.0,11,6,5,0
wilsoro02c,2006,SJS,NHL,1,,82.0,51.0,26.0,5.0,11,6,5,0
wilsoro02c,2007,SJS,NHL,1,,82.0,49.0,23.0,10.0,13,6,7,0
wilsoro02c,2008,TOR,NHL,1,,82.0,34.0,35.0,13.0,,,,
wilsoro02c,2009,TOR,NHL,1,,82.0,30.0,38.0,14.0,,,,
wilsoro02c,2010,TOR,NHL,1,,82.0,37.0,34.0,11.0,,,,
wilsoro02c,2011,TOR,NHL,1,,64.0,29.0,28.0,7.0,,,,
yawnetr01c,2005,CHI,NHL,1,,82.0,26.0,43.0,13.0,,,,
yawnetr01c,2006,CHI,NHL,1,,21.0,7.0,12.0,2.0,,,,
yeomi01c,2011,MIN,NHL,1,,82.0,35.0,36.0,11.0,,,,
youngga01c,1972,CLF,NHL,1,,12.0,2.0,7.0,3.0,,,,
youngga01c,1974,STL,NHL,3,,69.0,32.0,26.0,11.0,2,0,2,0
youngga01c,1975,STL,NHL,1,,29.0,9.0,15.0,5.0,,,,
youngwe02c,1909,HAI,NHA,1,,12.0,4.0,8.0,0.0,,,,
